-- V1__baseline.sql
-- Consolidated migration: schema + seed data


-- ============================================================
-- SCHEMA (tables, sequences, indexes, functions, triggers)
-- ============================================================
--
-- PostgreSQL database dump
--


-- Dumped from database version 18.4
-- Dumped by pg_dump version 18.4

SET statement_timeout = 0;
SET lock_timeout = 0;
SET idle_in_transaction_session_timeout = 0;
SET transaction_timeout = 0;
SET client_encoding = 'UTF8';
SET standard_conforming_strings = on;
SELECT pg_catalog.set_config('search_path', '', false);
SET check_function_bodies = false;
SET xmloption = content;
SET client_min_messages = warning;
SET row_security = off;

--
-- Name: audit_log_no_update(); Type: FUNCTION; Schema: public; Owner: -
--

CREATE FUNCTION public.audit_log_no_update() RETURNS trigger
    LANGUAGE plpgsql
    AS $$
BEGIN
    RAISE EXCEPTION 'audit_log is append-only';
END;
$$;


SET default_tablespace = '';

SET default_table_access_method = heap;

--
-- Name: app_user; Type: TABLE; Schema: public; Owner: -
--

CREATE TABLE public.app_user (
    id integer NOT NULL,
    username character varying(50) NOT NULL,
    password_hash character varying(255) NOT NULL,
    role character varying(10) DEFAULT 'user'::character varying NOT NULL,
    created_at timestamp without time zone DEFAULT CURRENT_TIMESTAMP,
    CONSTRAINT chk_app_user_role CHECK (((role)::text = ANY ((ARRAY['admin'::character varying, 'user'::character varying])::text[])))
);


--
-- Name: app_user_id_seq; Type: SEQUENCE; Schema: public; Owner: -
--

ALTER TABLE public.app_user ALTER COLUMN id ADD GENERATED BY DEFAULT AS IDENTITY (
    SEQUENCE NAME public.app_user_id_seq
    START WITH 1
    INCREMENT BY 1
    NO MINVALUE
    NO MAXVALUE
    CACHE 1
);


--
-- Name: audit_log; Type: TABLE; Schema: public; Owner: -
--

CREATE TABLE public.audit_log (
    id bigint NOT NULL,
    at timestamp with time zone DEFAULT now() NOT NULL,
    actor_type character varying(16) NOT NULL,
    app_user_id integer,
    worker_id integer,
    telegram_chat_id bigint,
    username character varying(255),
    role character varying(32),
    source character varying(16) NOT NULL,
    action character varying(32) NOT NULL,
    entity_type character varying(64),
    entity_id character varying(64),
    http_method character varying(8),
    http_path character varying(512),
    http_status integer,
    client_ip character varying(45),
    request_id character varying(64),
    details_json jsonb,
    CONSTRAINT chk_audit_actor_type CHECK (((actor_type)::text = ANY ((ARRAY['app_user'::character varying, 'worker'::character varying, 'telegram'::character varying, 'anonymous'::character varying])::text[]))),
    CONSTRAINT chk_audit_source CHECK (((source)::text = ANY ((ARRAY['api'::character varying, 'telegram'::character varying])::text[])))
);


--
-- Name: audit_log_id_seq; Type: SEQUENCE; Schema: public; Owner: -
--

ALTER TABLE public.audit_log ALTER COLUMN id ADD GENERATED BY DEFAULT AS IDENTITY (
    SEQUENCE NAME public.audit_log_id_seq
    START WITH 1
    INCREMENT BY 1
    NO MINVALUE
    NO MAXVALUE
    CACHE 1
);


--
-- Name: crew; Type: TABLE; Schema: public; Owner: -
--

CREATE TABLE public.crew (
    id integer NOT NULL,
    name character varying(150) NOT NULL,
    manager_id integer,
    house_id integer,
    stage_order integer,
    location character varying(255) DEFAULT ''::character varying NOT NULL,
    lat numeric(9,6),
    lng numeric(9,6),
    leader_id integer
);


--
-- Name: crew_id_seq; Type: SEQUENCE; Schema: public; Owner: -
--

ALTER TABLE public.crew ALTER COLUMN id ADD GENERATED BY DEFAULT AS IDENTITY (
    SEQUENCE NAME public.crew_id_seq
    START WITH 1
    INCREMENT BY 1
    NO MINVALUE
    NO MAXVALUE
    CACHE 1
);


--
-- Name: customer_order; Type: TABLE; Schema: public; Owner: -
--

CREATE TABLE public.customer_order (
    id bigint NOT NULL,
    public_id uuid NOT NULL,
    created_at timestamp with time zone DEFAULT now() NOT NULL,
    app_user_id integer,
    telegram_chat_id bigint,
    source character varying(20) NOT NULL,
    lang character varying(8),
    start_lat numeric(9,6) NOT NULL,
    start_lng numeric(9,6) NOT NULL,
    start_name character varying(255),
    destination_house_id integer,
    materials_json jsonb NOT NULL,
    alternatives_count integer NOT NULL,
    fully_fulfilled boolean NOT NULL,
    matrix_provider character varying(20) NOT NULL,
    compute_ms integer NOT NULL,
    chosen_option_id bigint,
    chosen_at timestamp with time zone,
    CONSTRAINT chk_order_requester CHECK (((app_user_id IS NOT NULL) OR (telegram_chat_id IS NOT NULL))),
    CONSTRAINT chk_order_source CHECK (((source)::text = ANY ((ARRAY['dashboard'::character varying, 'telegram'::character varying, 'api'::character varying])::text[])))
);


--
-- Name: customer_order_id_seq; Type: SEQUENCE; Schema: public; Owner: -
--

ALTER TABLE public.customer_order ALTER COLUMN id ADD GENERATED BY DEFAULT AS IDENTITY (
    SEQUENCE NAME public.customer_order_id_seq
    START WITH 1
    INCREMENT BY 1
    NO MINVALUE
    NO MAXVALUE
    CACHE 1
);


--
-- Name: delivery; Type: TABLE; Schema: public; Owner: -
--

CREATE TABLE public.delivery (
    id integer NOT NULL,
    order_id integer NOT NULL,
    delivered_at timestamp without time zone DEFAULT now() NOT NULL,
    notes text,
    responsible_id integer
);


--
-- Name: delivery_id_seq; Type: SEQUENCE; Schema: public; Owner: -
--

ALTER TABLE public.delivery ALTER COLUMN id ADD GENERATED BY DEFAULT AS IDENTITY (
    SEQUENCE NAME public.delivery_id_seq
    START WITH 1
    INCREMENT BY 1
    NO MINVALUE
    NO MAXVALUE
    CACHE 1
);


--
-- Name: delivery_item; Type: TABLE; Schema: public; Owner: -
--

CREATE TABLE public.delivery_item (
    id integer NOT NULL,
    delivery_id integer NOT NULL,
    material_id integer NOT NULL,
    qty_delivered numeric(10,2) NOT NULL,
    CONSTRAINT delivery_item_qty_delivered_check CHECK ((qty_delivered > (0)::numeric))
);


--
-- Name: delivery_item_id_seq; Type: SEQUENCE; Schema: public; Owner: -
--

ALTER TABLE public.delivery_item ALTER COLUMN id ADD GENERATED BY DEFAULT AS IDENTITY (
    SEQUENCE NAME public.delivery_item_id_seq
    START WITH 1
    INCREMENT BY 1
    NO MINVALUE
    NO MAXVALUE
    CACHE 1
);


--
-- Name: depot; Type: TABLE; Schema: public; Owner: -
--

CREATE TABLE public.depot (
    id integer NOT NULL,
    name character varying(150) NOT NULL,
    location character varying(255) NOT NULL,
    lat numeric(9,6),
    lng numeric(9,6)
);


--
-- Name: depot_id_seq; Type: SEQUENCE; Schema: public; Owner: -
--

ALTER TABLE public.depot ALTER COLUMN id ADD GENERATED BY DEFAULT AS IDENTITY (
    SEQUENCE NAME public.depot_id_seq
    START WITH 1
    INCREMENT BY 1
    NO MINVALUE
    NO MAXVALUE
    CACHE 1
);


--
-- Name: depot_inventory; Type: TABLE; Schema: public; Owner: -
--

CREATE TABLE public.depot_inventory (
    id integer NOT NULL,
    depot_id integer NOT NULL,
    material_id integer NOT NULL,
    quantity numeric(10,2) DEFAULT 0.00 NOT NULL,
    CONSTRAINT chk_depot_inv_quantity CHECK ((quantity >= (0)::numeric))
);


--
-- Name: depot_inventory_id_seq; Type: SEQUENCE; Schema: public; Owner: -
--

ALTER TABLE public.depot_inventory ALTER COLUMN id ADD GENERATED BY DEFAULT AS IDENTITY (
    SEQUENCE NAME public.depot_inventory_id_seq
    START WITH 1
    INCREMENT BY 1
    NO MINVALUE
    NO MAXVALUE
    CACHE 1
);


--
-- Name: doc_document; Type: TABLE; Schema: public; Owner: -
--

CREATE TABLE public.doc_document (
    id integer NOT NULL,
    folder_id integer NOT NULL,
    title_en character varying(255) NOT NULL,
    title_bg character varying(255) DEFAULT ''::character varying NOT NULL,
    link_url character varying(1000),
    doc_type character varying(20) DEFAULT 'PDF'::character varying NOT NULL,
    description character varying(500),
    sort_order integer DEFAULT 0 NOT NULL,
    created_at timestamp without time zone DEFAULT now() NOT NULL
);


--
-- Name: doc_document_id_seq; Type: SEQUENCE; Schema: public; Owner: -
--

CREATE SEQUENCE public.doc_document_id_seq
    AS integer
    START WITH 1
    INCREMENT BY 1
    NO MINVALUE
    NO MAXVALUE
    CACHE 1;


--
-- Name: doc_document_id_seq; Type: SEQUENCE OWNED BY; Schema: public; Owner: -
--

ALTER SEQUENCE public.doc_document_id_seq OWNED BY public.doc_document.id;


--
-- Name: doc_folder; Type: TABLE; Schema: public; Owner: -
--

CREATE TABLE public.doc_folder (
    id integer NOT NULL,
    code character varying(30) NOT NULL,
    label_en character varying(255) NOT NULL,
    label_bg character varying(255) NOT NULL,
    icon character varying(10) DEFAULT ''::character varying NOT NULL,
    color character varying(20) DEFAULT '#4f8ef7'::character varying NOT NULL,
    link_url character varying(1000),
    sort_order integer DEFAULT 0 NOT NULL,
    parent_id integer
);


--
-- Name: doc_folder_id_seq; Type: SEQUENCE; Schema: public; Owner: -
--

CREATE SEQUENCE public.doc_folder_id_seq
    AS integer
    START WITH 1
    INCREMENT BY 1
    NO MINVALUE
    NO MAXVALUE
    CACHE 1;


--
-- Name: doc_folder_id_seq; Type: SEQUENCE OWNED BY; Schema: public; Owner: -
--

ALTER SEQUENCE public.doc_folder_id_seq OWNED BY public.doc_folder.id;


--
-- Name: driver; Type: TABLE; Schema: public; Owner: -
--

CREATE TABLE public.driver (
    id integer NOT NULL,
    name character varying(150) NOT NULL,
    van character varying(100) NOT NULL
);


--
-- Name: driver_id_seq; Type: SEQUENCE; Schema: public; Owner: -
--

ALTER TABLE public.driver ALTER COLUMN id ADD GENERATED BY DEFAULT AS IDENTITY (
    SEQUENCE NAME public.driver_id_seq
    START WITH 1
    INCREMENT BY 1
    NO MINVALUE
    NO MAXVALUE
    CACHE 1
);


--
-- Name: electric_box; Type: TABLE; Schema: public; Owner: -
--

CREATE TABLE public.electric_box (
    id integer NOT NULL,
    house_id integer NOT NULL,
    main_amps integer DEFAULT 200 NOT NULL,
    label character varying(150),
    token character varying(64) NOT NULL,
    created_at timestamp with time zone DEFAULT now() NOT NULL
);


--
-- Name: electric_box_id_seq; Type: SEQUENCE; Schema: public; Owner: -
--

CREATE SEQUENCE public.electric_box_id_seq
    AS integer
    START WITH 1
    INCREMENT BY 1
    NO MINVALUE
    NO MAXVALUE
    CACHE 1;


--
-- Name: electric_box_id_seq; Type: SEQUENCE OWNED BY; Schema: public; Owner: -
--

ALTER SEQUENCE public.electric_box_id_seq OWNED BY public.electric_box.id;


--
-- Name: electric_circuit; Type: TABLE; Schema: public; Owner: -
--

CREATE TABLE public.electric_circuit (
    id integer NOT NULL,
    box_id integer NOT NULL,
    slot_index integer NOT NULL,
    side character varying(5) DEFAULT 'LEFT'::character varying NOT NULL,
    label character varying(100),
    amps integer,
    type character varying(10) DEFAULT 'SINGLE'::character varying NOT NULL,
    status character varying(10) DEFAULT 'ON'::character varying NOT NULL,
    CONSTRAINT electric_circuit_side_check CHECK (((side)::text = ANY ((ARRAY['LEFT'::character varying, 'RIGHT'::character varying])::text[]))),
    CONSTRAINT electric_circuit_status_check CHECK (((status)::text = ANY ((ARRAY['ON'::character varying, 'OFF'::character varying, 'TRIPPED'::character varying])::text[]))),
    CONSTRAINT electric_circuit_type_check CHECK (((type)::text = ANY ((ARRAY['SINGLE'::character varying, 'DOUBLE'::character varying, 'TANDEM'::character varying, 'EMPTY'::character varying])::text[])))
);


--
-- Name: electric_circuit_id_seq; Type: SEQUENCE; Schema: public; Owner: -
--

CREATE SEQUENCE public.electric_circuit_id_seq
    AS integer
    START WITH 1
    INCREMENT BY 1
    NO MINVALUE
    NO MAXVALUE
    CACHE 1;


--
-- Name: electric_circuit_id_seq; Type: SEQUENCE OWNED BY; Schema: public; Owner: -
--

ALTER SEQUENCE public.electric_circuit_id_seq OWNED BY public.electric_circuit.id;


--
-- Name: house; Type: TABLE; Schema: public; Owner: -
--

CREATE TABLE public.house (
    id integer NOT NULL,
    name character varying(150) NOT NULL,
    location character varying(255) NOT NULL,
    lat numeric(9,6),
    lng numeric(9,6),
    start_date date,
    current_phase character varying(1000),
    scaffold_status character varying(20) DEFAULT 'NONE'::character varying NOT NULL,
    scaffold_start_date date,
    scaffold_end_date date,
    checkin_token character varying(64),
    CONSTRAINT house_scaffold_status_check CHECK (((scaffold_status)::text = ANY ((ARRAY['NONE'::character varying, 'AVAILABLE'::character varying, 'IN_USE'::character varying])::text[])))
);


--
-- Name: house_id_seq; Type: SEQUENCE; Schema: public; Owner: -
--

ALTER TABLE public.house ALTER COLUMN id ADD GENERATED BY DEFAULT AS IDENTITY (
    SEQUENCE NAME public.house_id_seq
    START WITH 1
    INCREMENT BY 1
    NO MINVALUE
    NO MAXVALUE
    CACHE 1
);


--
-- Name: material_order; Type: TABLE; Schema: public; Owner: -
--

CREATE TABLE public.material_order (
    id integer CONSTRAINT house_order_id_not_null NOT NULL,
    house_id integer CONSTRAINT house_order_house_id_not_null NOT NULL,
    status character varying(20) DEFAULT 'DRAFT'::character varying CONSTRAINT house_order_status_not_null NOT NULL,
    notes text,
    created_at timestamp without time zone DEFAULT now() CONSTRAINT house_order_created_at_not_null NOT NULL,
    updated_at timestamp without time zone DEFAULT now() CONSTRAINT house_order_updated_at_not_null NOT NULL,
    created_by integer,
    house_stage_id integer,
    CONSTRAINT house_order_status_check CHECK (((status)::text = ANY ((ARRAY['DRAFT'::character varying, 'CONFIRMED'::character varying, 'DELIVERED'::character varying, 'CANCELLED'::character varying])::text[])))
);


--
-- Name: house_order_id_seq; Type: SEQUENCE; Schema: public; Owner: -
--

ALTER TABLE public.material_order ALTER COLUMN id ADD GENERATED BY DEFAULT AS IDENTITY (
    SEQUENCE NAME public.house_order_id_seq
    START WITH 1
    INCREMENT BY 1
    NO MINVALUE
    NO MAXVALUE
    CACHE 1
);


--
-- Name: material_order_item; Type: TABLE; Schema: public; Owner: -
--

CREATE TABLE public.material_order_item (
    id integer CONSTRAINT house_order_item_id_not_null NOT NULL,
    order_id integer CONSTRAINT house_order_item_order_id_not_null NOT NULL,
    material_id integer CONSTRAINT house_order_item_material_id_not_null NOT NULL,
    quantity numeric(10,2) CONSTRAINT house_order_item_quantity_not_null NOT NULL,
    CONSTRAINT chk_order_item_qty_positive CHECK ((quantity > (0)::numeric)),
    CONSTRAINT house_order_item_quantity_check CHECK ((quantity > (0)::numeric))
);


--
-- Name: house_order_item_id_seq; Type: SEQUENCE; Schema: public; Owner: -
--

ALTER TABLE public.material_order_item ALTER COLUMN id ADD GENERATED BY DEFAULT AS IDENTITY (
    SEQUENCE NAME public.house_order_item_id_seq
    START WITH 1
    INCREMENT BY 1
    NO MINVALUE
    NO MAXVALUE
    CACHE 1
);


--
-- Name: house_stage; Type: TABLE; Schema: public; Owner: -
--

CREATE TABLE public.house_stage (
    id integer NOT NULL,
    house_id integer NOT NULL,
    stage_order integer NOT NULL,
    stage_name character varying(120) NOT NULL,
    worker_name character varying(120),
    status character varying(30) DEFAULT 'NOT_STARTED'::character varying NOT NULL,
    notes text,
    updated_at timestamp without time zone DEFAULT now() NOT NULL,
    stage_name_en character varying(120),
    crew_id integer,
    start_date date,
    end_date date
);


--
-- Name: house_stage_crew_log; Type: TABLE; Schema: public; Owner: -
--

CREATE TABLE public.house_stage_crew_log (
    id bigint NOT NULL,
    house_id integer NOT NULL,
    house_name character varying(255) NOT NULL,
    stage_order integer NOT NULL,
    stage_name character varying(120) NOT NULL,
    stage_name_en character varying(120),
    crew_id integer,
    crew_name character varying(255),
    status character varying(30) NOT NULL,
    start_date date,
    end_date date,
    logged_at timestamp with time zone DEFAULT now() NOT NULL
);


--
-- Name: house_stage_crew_log_id_seq; Type: SEQUENCE; Schema: public; Owner: -
--

ALTER TABLE public.house_stage_crew_log ALTER COLUMN id ADD GENERATED BY DEFAULT AS IDENTITY (
    SEQUENCE NAME public.house_stage_crew_log_id_seq
    START WITH 1
    INCREMENT BY 1
    NO MINVALUE
    NO MAXVALUE
    CACHE 1
);


--
-- Name: house_stage_id_seq; Type: SEQUENCE; Schema: public; Owner: -
--

CREATE SEQUENCE public.house_stage_id_seq
    AS integer
    START WITH 1
    INCREMENT BY 1
    NO MINVALUE
    NO MAXVALUE
    CACHE 1;


--
-- Name: house_stage_id_seq; Type: SEQUENCE OWNED BY; Schema: public; Owner: -
--

ALTER SEQUENCE public.house_stage_id_seq OWNED BY public.house_stage.id;


--
-- Name: inventory; Type: TABLE; Schema: public; Owner: -
--

CREATE TABLE public.inventory (
    id integer NOT NULL,
    warehouse_id integer NOT NULL,
    material_id integer NOT NULL,
    quantity numeric(10,2) DEFAULT 0.00 NOT NULL
);


--
-- Name: inventory_id_seq; Type: SEQUENCE; Schema: public; Owner: -
--

ALTER TABLE public.inventory ALTER COLUMN id ADD GENERATED BY DEFAULT AS IDENTITY (
    SEQUENCE NAME public.inventory_id_seq
    START WITH 1
    INCREMENT BY 1
    NO MINVALUE
    NO MAXVALUE
    CACHE 1
);


--
-- Name: material; Type: TABLE; Schema: public; Owner: -
--

CREATE TABLE public.material (
    id integer NOT NULL,
    name character varying(100) NOT NULL,
    unit character varying(50) NOT NULL,
    price numeric(10,2) DEFAULT 0.00 NOT NULL
);


--
-- Name: material_id_seq; Type: SEQUENCE; Schema: public; Owner: -
--

ALTER TABLE public.material ALTER COLUMN id ADD GENERATED BY DEFAULT AS IDENTITY (
    SEQUENCE NAME public.material_id_seq
    START WITH 1
    INCREMENT BY 1
    NO MINVALUE
    NO MAXVALUE
    CACHE 1
);


--
-- Name: order_event; Type: TABLE; Schema: public; Owner: -
--

CREATE TABLE public.order_event (
    id bigint NOT NULL,
    order_id bigint NOT NULL,
    option_id bigint,
    event_type character varying(20) NOT NULL,
    at timestamp with time zone DEFAULT now() NOT NULL,
    app_user_id integer,
    metadata_json jsonb,
    CONSTRAINT chk_event_type CHECK (((event_type)::text = ANY ((ARRAY['created'::character varying, 'viewed'::character varying, 'chosen'::character varying, 'unchosen'::character varying])::text[])))
);


--
-- Name: order_event_id_seq; Type: SEQUENCE; Schema: public; Owner: -
--

ALTER TABLE public.order_event ALTER COLUMN id ADD GENERATED BY DEFAULT AS IDENTITY (
    SEQUENCE NAME public.order_event_id_seq
    START WITH 1
    INCREMENT BY 1
    NO MINVALUE
    NO MAXVALUE
    CACHE 1
);


--
-- Name: order_route_option; Type: TABLE; Schema: public; Owner: -
--

CREATE TABLE public.order_route_option (
    id bigint NOT NULL,
    public_id uuid NOT NULL,
    order_id bigint NOT NULL,
    objective character varying(32) NOT NULL,
    is_primary boolean NOT NULL,
    sequence_index integer NOT NULL,
    total_distance_km integer NOT NULL,
    total_minutes integer NOT NULL,
    total_stops integer NOT NULL,
    supplier_stops_count integer NOT NULL,
    fully_fulfilled boolean NOT NULL,
    house_ids_signature text NOT NULL,
    maps_url text,
    payload_json jsonb NOT NULL,
    first_viewed_at timestamp with time zone,
    last_viewed_at timestamp with time zone,
    view_count integer DEFAULT 0 NOT NULL,
    warehouse_stops_count integer DEFAULT 0 NOT NULL
);


--
-- Name: order_route_option_id_seq; Type: SEQUENCE; Schema: public; Owner: -
--

ALTER TABLE public.order_route_option ALTER COLUMN id ADD GENERATED BY DEFAULT AS IDENTITY (
    SEQUENCE NAME public.order_route_option_id_seq
    START WITH 1
    INCREMENT BY 1
    NO MINVALUE
    NO MAXVALUE
    CACHE 1
);


--
-- Name: scaffold; Type: TABLE; Schema: public; Owner: -
--

CREATE TABLE public.scaffold (
    id integer NOT NULL,
    status character varying(20) DEFAULT 'NONE'::character varying NOT NULL,
    start_date date,
    end_date date,
    house_id integer,
    CONSTRAINT scaffold_status_check CHECK (((status)::text = ANY ((ARRAY['NONE'::character varying, 'AVAILABLE'::character varying, 'IN_USE'::character varying])::text[])))
);


--
-- Name: scaffold_id_seq; Type: SEQUENCE; Schema: public; Owner: -
--

ALTER TABLE public.scaffold ALTER COLUMN id ADD GENERATED BY DEFAULT AS IDENTITY (
    SEQUENCE NAME public.scaffold_id_seq
    START WITH 1
    INCREMENT BY 1
    NO MINVALUE
    NO MAXVALUE
    CACHE 1
);


--
-- Name: stage_type; Type: TABLE; Schema: public; Owner: -
--

CREATE TABLE public.stage_type (
    stage_order integer NOT NULL,
    stage_name character varying(100) NOT NULL,
    stage_name_en character varying(100)
);


--
-- Name: supplier; Type: TABLE; Schema: public; Owner: -
--

CREATE TABLE public.supplier (
    id integer NOT NULL,
    name character varying(150) NOT NULL,
    location character varying(255) NOT NULL,
    lat numeric(9,6),
    lng numeric(9,6)
);


--
-- Name: supplier_id_seq; Type: SEQUENCE; Schema: public; Owner: -
--

ALTER TABLE public.supplier ALTER COLUMN id ADD GENERATED BY DEFAULT AS IDENTITY (
    SEQUENCE NAME public.supplier_id_seq
    START WITH 1
    INCREMENT BY 1
    NO MINVALUE
    NO MAXVALUE
    CACHE 1
);


--
-- Name: supplier_inventory; Type: TABLE; Schema: public; Owner: -
--

CREATE TABLE public.supplier_inventory (
    id integer NOT NULL,
    supplier_id integer NOT NULL,
    material_id integer NOT NULL,
    quantity numeric(10,2) DEFAULT 0.00 NOT NULL,
    unit_price numeric(10,2),
    CONSTRAINT chk_sup_inv_quantity CHECK ((quantity >= (0)::numeric))
);


--
-- Name: supplier_inventory_id_seq; Type: SEQUENCE; Schema: public; Owner: -
--

ALTER TABLE public.supplier_inventory ALTER COLUMN id ADD GENERATED BY DEFAULT AS IDENTITY (
    SEQUENCE NAME public.supplier_inventory_id_seq
    START WITH 1
    INCREMENT BY 1
    NO MINVALUE
    NO MAXVALUE
    CACHE 1
);


--
-- Name: warehouse; Type: TABLE; Schema: public; Owner: -
--

CREATE TABLE public.warehouse (
    id integer NOT NULL,
    house_id integer NOT NULL
);


--
-- Name: warehouse_id_seq; Type: SEQUENCE; Schema: public; Owner: -
--

ALTER TABLE public.warehouse ALTER COLUMN id ADD GENERATED BY DEFAULT AS IDENTITY (
    SEQUENCE NAME public.warehouse_id_seq
    START WITH 1
    INCREMENT BY 1
    NO MINVALUE
    NO MAXVALUE
    CACHE 1
);


--
-- Name: work_session; Type: TABLE; Schema: public; Owner: -
--

CREATE TABLE public.work_session (
    id integer NOT NULL,
    worker_id integer NOT NULL,
    house_id integer NOT NULL,
    session_date date DEFAULT CURRENT_DATE NOT NULL,
    checked_in_at timestamp with time zone DEFAULT now() NOT NULL,
    checked_out_at timestamp with time zone,
    device_id character varying(128) NOT NULL,
    check_in_lat numeric(9,6),
    check_in_lng numeric(9,6),
    check_out_lat numeric(9,6),
    check_out_lng numeric(9,6)
);


--
-- Name: work_session_id_seq; Type: SEQUENCE; Schema: public; Owner: -
--

CREATE SEQUENCE public.work_session_id_seq
    AS integer
    START WITH 1
    INCREMENT BY 1
    NO MINVALUE
    NO MAXVALUE
    CACHE 1;


--
-- Name: work_session_id_seq; Type: SEQUENCE OWNED BY; Schema: public; Owner: -
--

ALTER SEQUENCE public.work_session_id_seq OWNED BY public.work_session.id;


--
-- Name: worker; Type: TABLE; Schema: public; Owner: -
--

CREATE TABLE public.worker (
    id integer NOT NULL,
    name character varying(150) NOT NULL,
    location character varying(255) DEFAULT ''::character varying NOT NULL,
    lat numeric(9,6),
    lng numeric(9,6),
    trade character varying(100),
    role character varying(20) DEFAULT 'CREW_MEMBER'::character varying NOT NULL,
    crew_id integer,
    username character varying(60),
    password_hash character varying(255),
    password_plain character varying(100),
    CONSTRAINT worker_role_check CHECK (((role)::text = ANY ((ARRAY['CREW_MEMBER'::character varying, 'CREW_LEADER'::character varying, 'CREW_MANAGER'::character varying])::text[])))
);


--
-- Name: worker_id_seq; Type: SEQUENCE; Schema: public; Owner: -
--

ALTER TABLE public.worker ALTER COLUMN id ADD GENERATED BY DEFAULT AS IDENTITY (
    SEQUENCE NAME public.worker_id_seq
    START WITH 1
    INCREMENT BY 1
    NO MINVALUE
    NO MAXVALUE
    CACHE 1
);


--
-- Name: doc_document id; Type: DEFAULT; Schema: public; Owner: -
--

ALTER TABLE ONLY public.doc_document ALTER COLUMN id SET DEFAULT nextval('public.doc_document_id_seq'::regclass);


--
-- Name: doc_folder id; Type: DEFAULT; Schema: public; Owner: -
--

ALTER TABLE ONLY public.doc_folder ALTER COLUMN id SET DEFAULT nextval('public.doc_folder_id_seq'::regclass);


--
-- Name: electric_box id; Type: DEFAULT; Schema: public; Owner: -
--

ALTER TABLE ONLY public.electric_box ALTER COLUMN id SET DEFAULT nextval('public.electric_box_id_seq'::regclass);


--
-- Name: electric_circuit id; Type: DEFAULT; Schema: public; Owner: -
--

ALTER TABLE ONLY public.electric_circuit ALTER COLUMN id SET DEFAULT nextval('public.electric_circuit_id_seq'::regclass);


--
-- Name: house_stage id; Type: DEFAULT; Schema: public; Owner: -
--

ALTER TABLE ONLY public.house_stage ALTER COLUMN id SET DEFAULT nextval('public.house_stage_id_seq'::regclass);


--
-- Name: work_session id; Type: DEFAULT; Schema: public; Owner: -
--

ALTER TABLE ONLY public.work_session ALTER COLUMN id SET DEFAULT nextval('public.work_session_id_seq'::regclass);


--
-- Name: app_user app_user_pkey; Type: CONSTRAINT; Schema: public; Owner: -
--

ALTER TABLE ONLY public.app_user
    ADD CONSTRAINT app_user_pkey PRIMARY KEY (id);


--
-- Name: app_user app_user_username_key; Type: CONSTRAINT; Schema: public; Owner: -
--

ALTER TABLE ONLY public.app_user
    ADD CONSTRAINT app_user_username_key UNIQUE (username);


--
-- Name: audit_log audit_log_pkey; Type: CONSTRAINT; Schema: public; Owner: -
--

ALTER TABLE ONLY public.audit_log
    ADD CONSTRAINT audit_log_pkey PRIMARY KEY (id);


--
-- Name: crew crew_pkey; Type: CONSTRAINT; Schema: public; Owner: -
--

ALTER TABLE ONLY public.crew
    ADD CONSTRAINT crew_pkey PRIMARY KEY (id);


--
-- Name: customer_order customer_order_pkey; Type: CONSTRAINT; Schema: public; Owner: -
--

ALTER TABLE ONLY public.customer_order
    ADD CONSTRAINT customer_order_pkey PRIMARY KEY (id);


--
-- Name: customer_order customer_order_public_id_key; Type: CONSTRAINT; Schema: public; Owner: -
--

ALTER TABLE ONLY public.customer_order
    ADD CONSTRAINT customer_order_public_id_key UNIQUE (public_id);


--
-- Name: delivery_item delivery_item_delivery_id_material_id_key; Type: CONSTRAINT; Schema: public; Owner: -
--

ALTER TABLE ONLY public.delivery_item
    ADD CONSTRAINT delivery_item_delivery_id_material_id_key UNIQUE (delivery_id, material_id);


--
-- Name: delivery_item delivery_item_pkey; Type: CONSTRAINT; Schema: public; Owner: -
--

ALTER TABLE ONLY public.delivery_item
    ADD CONSTRAINT delivery_item_pkey PRIMARY KEY (id);


--
-- Name: delivery delivery_pkey; Type: CONSTRAINT; Schema: public; Owner: -
--

ALTER TABLE ONLY public.delivery
    ADD CONSTRAINT delivery_pkey PRIMARY KEY (id);


--
-- Name: depot_inventory depot_inventory_pkey; Type: CONSTRAINT; Schema: public; Owner: -
--

ALTER TABLE ONLY public.depot_inventory
    ADD CONSTRAINT depot_inventory_pkey PRIMARY KEY (id);


--
-- Name: depot depot_pkey; Type: CONSTRAINT; Schema: public; Owner: -
--

ALTER TABLE ONLY public.depot
    ADD CONSTRAINT depot_pkey PRIMARY KEY (id);


--
-- Name: doc_document doc_document_pkey; Type: CONSTRAINT; Schema: public; Owner: -
--

ALTER TABLE ONLY public.doc_document
    ADD CONSTRAINT doc_document_pkey PRIMARY KEY (id);


--
-- Name: doc_folder doc_folder_pkey; Type: CONSTRAINT; Schema: public; Owner: -
--

ALTER TABLE ONLY public.doc_folder
    ADD CONSTRAINT doc_folder_pkey PRIMARY KEY (id);


--
-- Name: driver driver_pkey; Type: CONSTRAINT; Schema: public; Owner: -
--

ALTER TABLE ONLY public.driver
    ADD CONSTRAINT driver_pkey PRIMARY KEY (id);


--
-- Name: electric_box electric_box_house_id_key; Type: CONSTRAINT; Schema: public; Owner: -
--

ALTER TABLE ONLY public.electric_box
    ADD CONSTRAINT electric_box_house_id_key UNIQUE (house_id);


--
-- Name: electric_box electric_box_pkey; Type: CONSTRAINT; Schema: public; Owner: -
--

ALTER TABLE ONLY public.electric_box
    ADD CONSTRAINT electric_box_pkey PRIMARY KEY (id);


--
-- Name: electric_box electric_box_token_key; Type: CONSTRAINT; Schema: public; Owner: -
--

ALTER TABLE ONLY public.electric_box
    ADD CONSTRAINT electric_box_token_key UNIQUE (token);


--
-- Name: electric_circuit electric_circuit_box_id_slot_index_side_key; Type: CONSTRAINT; Schema: public; Owner: -
--

ALTER TABLE ONLY public.electric_circuit
    ADD CONSTRAINT electric_circuit_box_id_slot_index_side_key UNIQUE (box_id, slot_index, side);


--
-- Name: electric_circuit electric_circuit_pkey; Type: CONSTRAINT; Schema: public; Owner: -
--

ALTER TABLE ONLY public.electric_circuit
    ADD CONSTRAINT electric_circuit_pkey PRIMARY KEY (id);


--
-- Name: house house_checkin_token_key; Type: CONSTRAINT; Schema: public; Owner: -
--

ALTER TABLE ONLY public.house
    ADD CONSTRAINT house_checkin_token_key UNIQUE (checkin_token);


--
-- Name: material_order_item house_order_item_order_id_material_id_key; Type: CONSTRAINT; Schema: public; Owner: -
--

ALTER TABLE ONLY public.material_order_item
    ADD CONSTRAINT house_order_item_order_id_material_id_key UNIQUE (order_id, material_id);


--
-- Name: material_order_item house_order_item_pkey; Type: CONSTRAINT; Schema: public; Owner: -
--

ALTER TABLE ONLY public.material_order_item
    ADD CONSTRAINT house_order_item_pkey PRIMARY KEY (id);


--
-- Name: material_order house_order_pkey; Type: CONSTRAINT; Schema: public; Owner: -
--

ALTER TABLE ONLY public.material_order
    ADD CONSTRAINT house_order_pkey PRIMARY KEY (id);


--
-- Name: house house_pkey; Type: CONSTRAINT; Schema: public; Owner: -
--

ALTER TABLE ONLY public.house
    ADD CONSTRAINT house_pkey PRIMARY KEY (id);


--
-- Name: house_stage_crew_log house_stage_crew_log_pkey; Type: CONSTRAINT; Schema: public; Owner: -
--

ALTER TABLE ONLY public.house_stage_crew_log
    ADD CONSTRAINT house_stage_crew_log_pkey PRIMARY KEY (id);


--
-- Name: house_stage house_stage_house_id_stage_order_key; Type: CONSTRAINT; Schema: public; Owner: -
--

ALTER TABLE ONLY public.house_stage
    ADD CONSTRAINT house_stage_house_id_stage_order_key UNIQUE (house_id, stage_order);


--
-- Name: house_stage house_stage_pkey; Type: CONSTRAINT; Schema: public; Owner: -
--

ALTER TABLE ONLY public.house_stage
    ADD CONSTRAINT house_stage_pkey PRIMARY KEY (id);


--
-- Name: inventory inventory_pkey; Type: CONSTRAINT; Schema: public; Owner: -
--

ALTER TABLE ONLY public.inventory
    ADD CONSTRAINT inventory_pkey PRIMARY KEY (id);


--
-- Name: material material_pkey; Type: CONSTRAINT; Schema: public; Owner: -
--

ALTER TABLE ONLY public.material
    ADD CONSTRAINT material_pkey PRIMARY KEY (id);


--
-- Name: order_event order_event_pkey; Type: CONSTRAINT; Schema: public; Owner: -
--

ALTER TABLE ONLY public.order_event
    ADD CONSTRAINT order_event_pkey PRIMARY KEY (id);


--
-- Name: order_route_option order_route_option_pkey; Type: CONSTRAINT; Schema: public; Owner: -
--

ALTER TABLE ONLY public.order_route_option
    ADD CONSTRAINT order_route_option_pkey PRIMARY KEY (id);


--
-- Name: order_route_option order_route_option_public_id_key; Type: CONSTRAINT; Schema: public; Owner: -
--

ALTER TABLE ONLY public.order_route_option
    ADD CONSTRAINT order_route_option_public_id_key UNIQUE (public_id);


--
-- Name: scaffold scaffold_pkey; Type: CONSTRAINT; Schema: public; Owner: -
--

ALTER TABLE ONLY public.scaffold
    ADD CONSTRAINT scaffold_pkey PRIMARY KEY (id);


--
-- Name: stage_type stage_type_pkey; Type: CONSTRAINT; Schema: public; Owner: -
--

ALTER TABLE ONLY public.stage_type
    ADD CONSTRAINT stage_type_pkey PRIMARY KEY (stage_order);


--
-- Name: supplier_inventory supplier_inventory_pkey; Type: CONSTRAINT; Schema: public; Owner: -
--

ALTER TABLE ONLY public.supplier_inventory
    ADD CONSTRAINT supplier_inventory_pkey PRIMARY KEY (id);


--
-- Name: supplier supplier_pkey; Type: CONSTRAINT; Schema: public; Owner: -
--

ALTER TABLE ONLY public.supplier
    ADD CONSTRAINT supplier_pkey PRIMARY KEY (id);


--
-- Name: depot_inventory uq_depot_inv; Type: CONSTRAINT; Schema: public; Owner: -
--

ALTER TABLE ONLY public.depot_inventory
    ADD CONSTRAINT uq_depot_inv UNIQUE (depot_id, material_id);


--
-- Name: inventory uq_inv; Type: CONSTRAINT; Schema: public; Owner: -
--

ALTER TABLE ONLY public.inventory
    ADD CONSTRAINT uq_inv UNIQUE (warehouse_id, material_id);


--
-- Name: order_route_option uq_option_order_objective; Type: CONSTRAINT; Schema: public; Owner: -
--

ALTER TABLE ONLY public.order_route_option
    ADD CONSTRAINT uq_option_order_objective UNIQUE (order_id, objective);


--
-- Name: supplier_inventory uq_sup_inv; Type: CONSTRAINT; Schema: public; Owner: -
--

ALTER TABLE ONLY public.supplier_inventory
    ADD CONSTRAINT uq_sup_inv UNIQUE (supplier_id, material_id);


--
-- Name: warehouse warehouse_house_id_key; Type: CONSTRAINT; Schema: public; Owner: -
--

ALTER TABLE ONLY public.warehouse
    ADD CONSTRAINT warehouse_house_id_key UNIQUE (house_id);


--
-- Name: warehouse warehouse_pkey; Type: CONSTRAINT; Schema: public; Owner: -
--

ALTER TABLE ONLY public.warehouse
    ADD CONSTRAINT warehouse_pkey PRIMARY KEY (id);


--
-- Name: work_session work_session_pkey; Type: CONSTRAINT; Schema: public; Owner: -
--

ALTER TABLE ONLY public.work_session
    ADD CONSTRAINT work_session_pkey PRIMARY KEY (id);


--
-- Name: worker worker_pkey; Type: CONSTRAINT; Schema: public; Owner: -
--

ALTER TABLE ONLY public.worker
    ADD CONSTRAINT worker_pkey PRIMARY KEY (id);


--
-- Name: worker worker_username_key; Type: CONSTRAINT; Schema: public; Owner: -
--

ALTER TABLE ONLY public.worker
    ADD CONSTRAINT worker_username_key UNIQUE (username);


--
-- Name: idx_audit_action; Type: INDEX; Schema: public; Owner: -
--

CREATE INDEX idx_audit_action ON public.audit_log USING btree (action, at DESC);


--
-- Name: idx_audit_at; Type: INDEX; Schema: public; Owner: -
--

CREATE INDEX idx_audit_at ON public.audit_log USING btree (at DESC);


--
-- Name: idx_audit_entity; Type: INDEX; Schema: public; Owner: -
--

CREATE INDEX idx_audit_entity ON public.audit_log USING btree (entity_type, at DESC);


--
-- Name: idx_audit_username; Type: INDEX; Schema: public; Owner: -
--

CREATE INDEX idx_audit_username ON public.audit_log USING btree (username, at DESC);


--
-- Name: idx_crew_house_id; Type: INDEX; Schema: public; Owner: -
--

CREATE INDEX idx_crew_house_id ON public.crew USING btree (house_id);


--
-- Name: idx_depot_inv_material; Type: INDEX; Schema: public; Owner: -
--

CREATE INDEX idx_depot_inv_material ON public.depot_inventory USING btree (material_id);


--
-- Name: idx_event_order; Type: INDEX; Schema: public; Owner: -
--

CREATE INDEX idx_event_order ON public.order_event USING btree (order_id, at);


--
-- Name: idx_house_stage_crew; Type: INDEX; Schema: public; Owner: -
--

CREATE INDEX idx_house_stage_crew ON public.house_stage USING btree (crew_id);


--
-- Name: idx_hscl_crew; Type: INDEX; Schema: public; Owner: -
--

CREATE INDEX idx_hscl_crew ON public.house_stage_crew_log USING btree (crew_id, logged_at DESC);


--
-- Name: idx_hscl_house; Type: INDEX; Schema: public; Owner: -
--

CREATE INDEX idx_hscl_house ON public.house_stage_crew_log USING btree (house_id, stage_order);


--
-- Name: idx_inv_material; Type: INDEX; Schema: public; Owner: -
--

CREATE INDEX idx_inv_material ON public.inventory USING btree (material_id);


--
-- Name: idx_material_order_house_stage; Type: INDEX; Schema: public; Owner: -
--

CREATE INDEX idx_material_order_house_stage ON public.material_order USING btree (house_stage_id);


--
-- Name: idx_option_order; Type: INDEX; Schema: public; Owner: -
--

CREATE INDEX idx_option_order ON public.order_route_option USING btree (order_id);


--
-- Name: idx_order_created; Type: INDEX; Schema: public; Owner: -
--

CREATE INDEX idx_order_created ON public.customer_order USING btree (created_at DESC);


--
-- Name: idx_order_dest_house; Type: INDEX; Schema: public; Owner: -
--

CREATE INDEX idx_order_dest_house ON public.customer_order USING btree (destination_house_id);


--
-- Name: idx_order_telegram; Type: INDEX; Schema: public; Owner: -
--

CREATE INDEX idx_order_telegram ON public.customer_order USING btree (telegram_chat_id, created_at DESC);


--
-- Name: idx_order_user; Type: INDEX; Schema: public; Owner: -
--

CREATE INDEX idx_order_user ON public.customer_order USING btree (app_user_id, created_at DESC);


--
-- Name: idx_sup_inv_material; Type: INDEX; Schema: public; Owner: -
--

CREATE INDEX idx_sup_inv_material ON public.supplier_inventory USING btree (material_id);


--
-- Name: idx_worker_crew_id; Type: INDEX; Schema: public; Owner: -
--

CREATE INDEX idx_worker_crew_id ON public.worker USING btree (crew_id);


--
-- Name: idx_worker_trade; Type: INDEX; Schema: public; Owner: -
--

CREATE INDEX idx_worker_trade ON public.worker USING btree (trade);


--
-- Name: idx_ws_device; Type: INDEX; Schema: public; Owner: -
--

CREATE INDEX idx_ws_device ON public.work_session USING btree (device_id, house_id, session_date);


--
-- Name: idx_ws_house; Type: INDEX; Schema: public; Owner: -
--

CREATE INDEX idx_ws_house ON public.work_session USING btree (house_id, session_date DESC);


--
-- Name: idx_ws_worker; Type: INDEX; Schema: public; Owner: -
--

CREATE INDEX idx_ws_worker ON public.work_session USING btree (worker_id, session_date DESC);


--
-- Name: audit_log trg_audit_log_no_update; Type: TRIGGER; Schema: public; Owner: -
--

CREATE TRIGGER trg_audit_log_no_update BEFORE UPDATE ON public.audit_log FOR EACH ROW EXECUTE FUNCTION public.audit_log_no_update();



-- ============================================================
-- DATA
-- ============================================================
SET statement_timeout = 0;
SET lock_timeout = 0;
SET idle_in_transaction_session_timeout = 0;
SET transaction_timeout = 0;
SET client_encoding = 'UTF8';
SET standard_conforming_strings = on;
SELECT pg_catalog.set_config('search_path', '', false);
SET check_function_bodies = false;
SET xmloption = content;
SET client_min_messages = warning;
SET row_security = off;

--
-- FOREIGN KEY CONSTRAINTS
-- ============================================================
-- Name: crew crew_house_id_fkey; Type: FK CONSTRAINT; Schema: public; Owner: -
--

ALTER TABLE ONLY public.crew
    ADD CONSTRAINT crew_house_id_fkey FOREIGN KEY (house_id) REFERENCES public.house(id) ON DELETE SET NULL;


--
-- Name: crew crew_leader_id_fkey; Type: FK CONSTRAINT; Schema: public; Owner: -
--

ALTER TABLE ONLY public.crew
    ADD CONSTRAINT crew_leader_id_fkey FOREIGN KEY (leader_id) REFERENCES public.worker(id) ON DELETE SET NULL;


--
-- Name: crew crew_manager_id_fkey; Type: FK CONSTRAINT; Schema: public; Owner: -
--

ALTER TABLE ONLY public.crew
    ADD CONSTRAINT crew_manager_id_fkey FOREIGN KEY (manager_id) REFERENCES public.worker(id) ON DELETE SET NULL;


--
-- Name: delivery_item delivery_item_delivery_id_fkey; Type: FK CONSTRAINT; Schema: public; Owner: -
--

ALTER TABLE ONLY public.delivery_item
    ADD CONSTRAINT delivery_item_delivery_id_fkey FOREIGN KEY (delivery_id) REFERENCES public.delivery(id) ON DELETE CASCADE;


--
-- Name: delivery_item delivery_item_material_id_fkey; Type: FK CONSTRAINT; Schema: public; Owner: -
--

ALTER TABLE ONLY public.delivery_item
    ADD CONSTRAINT delivery_item_material_id_fkey FOREIGN KEY (material_id) REFERENCES public.material(id);


--
-- Name: delivery delivery_order_id_fkey; Type: FK CONSTRAINT; Schema: public; Owner: -
--

ALTER TABLE ONLY public.delivery
    ADD CONSTRAINT delivery_order_id_fkey FOREIGN KEY (order_id) REFERENCES public.material_order(id) ON DELETE CASCADE;


--
-- Name: delivery delivery_responsible_id_fkey; Type: FK CONSTRAINT; Schema: public; Owner: -
--

ALTER TABLE ONLY public.delivery
    ADD CONSTRAINT delivery_responsible_id_fkey FOREIGN KEY (responsible_id) REFERENCES public.worker(id) ON DELETE SET NULL;


--
-- Name: doc_document doc_document_folder_id_fkey; Type: FK CONSTRAINT; Schema: public; Owner: -
--

ALTER TABLE ONLY public.doc_document
    ADD CONSTRAINT doc_document_folder_id_fkey FOREIGN KEY (folder_id) REFERENCES public.doc_folder(id) ON DELETE CASCADE;


--
-- Name: doc_folder doc_folder_parent_id_fkey; Type: FK CONSTRAINT; Schema: public; Owner: -
--

ALTER TABLE ONLY public.doc_folder
    ADD CONSTRAINT doc_folder_parent_id_fkey FOREIGN KEY (parent_id) REFERENCES public.doc_folder(id) ON DELETE CASCADE;


--
-- Name: electric_box electric_box_house_id_fkey; Type: FK CONSTRAINT; Schema: public; Owner: -
--

ALTER TABLE ONLY public.electric_box
    ADD CONSTRAINT electric_box_house_id_fkey FOREIGN KEY (house_id) REFERENCES public.house(id) ON DELETE CASCADE;


--
-- Name: electric_circuit electric_circuit_box_id_fkey; Type: FK CONSTRAINT; Schema: public; Owner: -
--

ALTER TABLE ONLY public.electric_circuit
    ADD CONSTRAINT electric_circuit_box_id_fkey FOREIGN KEY (box_id) REFERENCES public.electric_box(id) ON DELETE CASCADE;


--
-- Name: crew fk_crew_stage_order; Type: FK CONSTRAINT; Schema: public; Owner: -
--

ALTER TABLE ONLY public.crew
    ADD CONSTRAINT fk_crew_stage_order FOREIGN KEY (stage_order) REFERENCES public.stage_type(stage_order) ON UPDATE CASCADE ON DELETE SET NULL DEFERRABLE INITIALLY DEFERRED;


--
-- Name: depot_inventory fk_depot_inv_depot; Type: FK CONSTRAINT; Schema: public; Owner: -
--

ALTER TABLE ONLY public.depot_inventory
    ADD CONSTRAINT fk_depot_inv_depot FOREIGN KEY (depot_id) REFERENCES public.depot(id) ON DELETE CASCADE;


--
-- Name: depot_inventory fk_depot_inv_material; Type: FK CONSTRAINT; Schema: public; Owner: -
--

ALTER TABLE ONLY public.depot_inventory
    ADD CONSTRAINT fk_depot_inv_material FOREIGN KEY (material_id) REFERENCES public.material(id) ON DELETE CASCADE;


--
-- Name: order_event fk_event_option; Type: FK CONSTRAINT; Schema: public; Owner: -
--

ALTER TABLE ONLY public.order_event
    ADD CONSTRAINT fk_event_option FOREIGN KEY (option_id) REFERENCES public.order_route_option(id) ON DELETE SET NULL;


--
-- Name: order_event fk_event_order; Type: FK CONSTRAINT; Schema: public; Owner: -
--

ALTER TABLE ONLY public.order_event
    ADD CONSTRAINT fk_event_order FOREIGN KEY (order_id) REFERENCES public.customer_order(id) ON DELETE CASCADE;


--
-- Name: order_event fk_event_user; Type: FK CONSTRAINT; Schema: public; Owner: -
--

ALTER TABLE ONLY public.order_event
    ADD CONSTRAINT fk_event_user FOREIGN KEY (app_user_id) REFERENCES public.app_user(id) ON DELETE SET NULL;


--
-- Name: inventory fk_inv_material; Type: FK CONSTRAINT; Schema: public; Owner: -
--

ALTER TABLE ONLY public.inventory
    ADD CONSTRAINT fk_inv_material FOREIGN KEY (material_id) REFERENCES public.material(id) ON DELETE CASCADE;


--
-- Name: inventory fk_inv_warehouse; Type: FK CONSTRAINT; Schema: public; Owner: -
--

ALTER TABLE ONLY public.inventory
    ADD CONSTRAINT fk_inv_warehouse FOREIGN KEY (warehouse_id) REFERENCES public.warehouse(id) ON DELETE CASCADE;


--
-- Name: order_route_option fk_option_order; Type: FK CONSTRAINT; Schema: public; Owner: -
--

ALTER TABLE ONLY public.order_route_option
    ADD CONSTRAINT fk_option_order FOREIGN KEY (order_id) REFERENCES public.customer_order(id) ON DELETE CASCADE;


--
-- Name: customer_order fk_order_app_user; Type: FK CONSTRAINT; Schema: public; Owner: -
--

ALTER TABLE ONLY public.customer_order
    ADD CONSTRAINT fk_order_app_user FOREIGN KEY (app_user_id) REFERENCES public.app_user(id) ON DELETE SET NULL;


--
-- Name: customer_order fk_order_chosen_option; Type: FK CONSTRAINT; Schema: public; Owner: -
--

ALTER TABLE ONLY public.customer_order
    ADD CONSTRAINT fk_order_chosen_option FOREIGN KEY (chosen_option_id) REFERENCES public.order_route_option(id) ON DELETE SET NULL;


--
-- Name: customer_order fk_order_dest_house; Type: FK CONSTRAINT; Schema: public; Owner: -
--

ALTER TABLE ONLY public.customer_order
    ADD CONSTRAINT fk_order_dest_house FOREIGN KEY (destination_house_id) REFERENCES public.house(id) ON DELETE SET NULL;


--
-- Name: supplier_inventory fk_sup_inv_material; Type: FK CONSTRAINT; Schema: public; Owner: -
--

ALTER TABLE ONLY public.supplier_inventory
    ADD CONSTRAINT fk_sup_inv_material FOREIGN KEY (material_id) REFERENCES public.material(id) ON DELETE CASCADE;


--
-- Name: supplier_inventory fk_sup_inv_supplier; Type: FK CONSTRAINT; Schema: public; Owner: -
--

ALTER TABLE ONLY public.supplier_inventory
    ADD CONSTRAINT fk_sup_inv_supplier FOREIGN KEY (supplier_id) REFERENCES public.supplier(id) ON DELETE CASCADE;


--
-- Name: warehouse fk_warehouse_house; Type: FK CONSTRAINT; Schema: public; Owner: -
--

ALTER TABLE ONLY public.warehouse
    ADD CONSTRAINT fk_warehouse_house FOREIGN KEY (house_id) REFERENCES public.house(id) ON DELETE CASCADE;


--
-- Name: material_order house_order_created_by_fkey; Type: FK CONSTRAINT; Schema: public; Owner: -
--

ALTER TABLE ONLY public.material_order
    ADD CONSTRAINT house_order_created_by_fkey FOREIGN KEY (created_by) REFERENCES public.worker(id) ON DELETE SET NULL;


--
-- Name: material_order house_order_house_id_fkey; Type: FK CONSTRAINT; Schema: public; Owner: -
--

ALTER TABLE ONLY public.material_order
    ADD CONSTRAINT house_order_house_id_fkey FOREIGN KEY (house_id) REFERENCES public.house(id) ON DELETE CASCADE;


--
-- Name: material_order_item house_order_item_material_id_fkey; Type: FK CONSTRAINT; Schema: public; Owner: -
--

ALTER TABLE ONLY public.material_order_item
    ADD CONSTRAINT house_order_item_material_id_fkey FOREIGN KEY (material_id) REFERENCES public.material(id);


--
-- Name: material_order_item house_order_item_order_id_fkey; Type: FK CONSTRAINT; Schema: public; Owner: -
--

ALTER TABLE ONLY public.material_order_item
    ADD CONSTRAINT house_order_item_order_id_fkey FOREIGN KEY (order_id) REFERENCES public.material_order(id) ON DELETE CASCADE;


--
-- Name: house_stage house_stage_crew_id_fkey; Type: FK CONSTRAINT; Schema: public; Owner: -
--

ALTER TABLE ONLY public.house_stage
    ADD CONSTRAINT house_stage_crew_id_fkey FOREIGN KEY (crew_id) REFERENCES public.crew(id) ON DELETE SET NULL;


--
-- Name: house_stage_crew_log house_stage_crew_log_crew_id_fkey; Type: FK CONSTRAINT; Schema: public; Owner: -
--

ALTER TABLE ONLY public.house_stage_crew_log
    ADD CONSTRAINT house_stage_crew_log_crew_id_fkey FOREIGN KEY (crew_id) REFERENCES public.crew(id) ON DELETE SET NULL;


--
-- Name: house_stage_crew_log house_stage_crew_log_house_id_fkey; Type: FK CONSTRAINT; Schema: public; Owner: -
--

ALTER TABLE ONLY public.house_stage_crew_log
    ADD CONSTRAINT house_stage_crew_log_house_id_fkey FOREIGN KEY (house_id) REFERENCES public.house(id) ON DELETE CASCADE;


--
-- Name: house_stage house_stage_house_id_fkey; Type: FK CONSTRAINT; Schema: public; Owner: -
--

ALTER TABLE ONLY public.house_stage
    ADD CONSTRAINT house_stage_house_id_fkey FOREIGN KEY (house_id) REFERENCES public.house(id) ON DELETE CASCADE;


--
-- Name: material_order material_order_house_stage_id_fkey; Type: FK CONSTRAINT; Schema: public; Owner: -
--

ALTER TABLE ONLY public.material_order
    ADD CONSTRAINT material_order_house_stage_id_fkey FOREIGN KEY (house_stage_id) REFERENCES public.house_stage(id) ON DELETE SET NULL;


--
-- Name: scaffold scaffold_house_id_fkey; Type: FK CONSTRAINT; Schema: public; Owner: -
--

ALTER TABLE ONLY public.scaffold
    ADD CONSTRAINT scaffold_house_id_fkey FOREIGN KEY (house_id) REFERENCES public.house(id) ON DELETE SET NULL;


--
-- Name: work_session work_session_house_id_fkey; Type: FK CONSTRAINT; Schema: public; Owner: -
--

ALTER TABLE ONLY public.work_session
    ADD CONSTRAINT work_session_house_id_fkey FOREIGN KEY (house_id) REFERENCES public.house(id) ON DELETE CASCADE;


--
-- Name: work_session work_session_worker_id_fkey; Type: FK CONSTRAINT; Schema: public; Owner: -
--

ALTER TABLE ONLY public.work_session
    ADD CONSTRAINT work_session_worker_id_fkey FOREIGN KEY (worker_id) REFERENCES public.worker(id) ON DELETE CASCADE;


--
-- Name: worker worker_crew_id_fkey; Type: FK CONSTRAINT; Schema: public; Owner: -
--

ALTER TABLE ONLY public.worker
    ADD CONSTRAINT worker_crew_id_fkey FOREIGN KEY (crew_id) REFERENCES public.crew(id) ON DELETE SET NULL;


--
-- PostgreSQL database dump complete
--




-- phone/email columns (absorbed from V3)
ALTER TABLE public.worker ADD COLUMN IF NOT EXISTS phone VARCHAR(50);
ALTER TABLE public.worker ADD COLUMN IF NOT EXISTS email VARCHAR(255);


-- ============================================================
-- SEED DATA
-- ============================================================

-- stage_type
INSERT INTO public.stage_type (stage_order, stage_name, stage_name_en) VALUES
  (1, 'Фундамент', 'Foundation'),
  (2, 'Конструкция', 'Structure'),
  (3, 'Покрив', 'Roof'),
  (4, 'Ел', 'Electrical'),
  (5, 'ВиК', 'Plumbing'),
  (6, 'Изолация/Картон', 'Insulation'),
  (7, 'Замазка', 'Screed'),
  (8, 'Плочки', 'Tiles'),
  (9, 'Ламинат', 'Laminate'),
  (10, 'Дограма', 'Joinery');

-- workers (crew_id set later)
INSERT INTO public.worker (id, name, role, trade, phone, email, location, username, password_hash, password_plain)
OVERRIDING SYSTEM VALUE
VALUES
  (411, 'Владимир Борисов', 'CREW_LEADER', 'Конструкция', '0888116422', 'timberbuildbg@gmail.com', 'София линк', 'владимир', '$2a$10$V3LD0D/VZsXEFycizSeykeAEH/8yJPagvWacLudO.ayyOOY6cOree', '6020'),
  (412, 'Даниел Угринов', 'CREW_MEMBER', 'Конструкция', '0885687911', 'daniel9502@abv.bg', 'София', 'даниел', '$2a$10$6NWo51xGeNwI11bt6aSz0.ilxDtAkYXUdnxFtOzLRwCSV.Ea93X0C', '2662'),
  (413, 'Стоян Малчев', 'CREW_MEMBER', 'Конструкция', '0885226047', 'marmotaplovdiv@gmail.com', 'София', 'стоян', '$2a$10$gJzO17vo5Yg.V854tMY4S.XG5Wod7klzYBIkMIeNnPJAXOIsYgJTW', '1407'),
  (414, 'Мартин Иванов', 'CREW_MEMBER', 'Конструкция', '0897908337', 'martin_ivanov01@mail.bg', 'София', 'мартин', '$2a$10$8s68g/XrpJE1G.TajMd4I.A.PLMix8gQS/QLx5doHOzFrFNfAsmGO', '8876'),
  (415, 'Владимир Денисенко', 'CREW_MEMBER', 'Конструкция', '0879936268', 'vladimir_denisenko@icloud.com', 'София', 'владимир2', '$2a$10$TR1MvyT76jIZ3MvGvQvEdurFCqatG6qtWXvBRQyh2tofwVPWqVALq', '2197'),
  (416, 'Симеон Бардарски', 'CREW_MEMBER', 'Конструкция', '0988341421', 'Sbrdarski4@gmail.com', 'София', 'симеон', '$2a$10$ZLn39iwnw4.4VZ/rDt0X4ub931CUAuZn4Tv1hIROhQKbChqyxtvMG', '1087'),
  (417, 'Найден Бенчев', 'CREW_MEMBER', 'Конструкция', '0876587809', 'pepperkilldevelopment@gmail.com', 'София', 'найден', '$2a$10$qi5pTB..smPweiO5ArPYbu3YmXJ8YRZn7nm.ANNSHXX9R5vUHAt7a', '4743'),
  (418, 'Георги Раданов', 'CREW_MEMBER', 'Конструкция', '0888253399', 'radanov@mail.bg', 'София', 'георги', '$2a$10$QJJR6nbcoNGQP8d1sHhtE.fDd6d.JKBpoO/881dwMyvDuPIXyRuz2', '1235'),
  (419, 'Цанко Кейбашиев', 'CREW_MEMBER', 'Конструкция', '0878500405', 'CankocK@gmail.com', 'София', 'цанко', '$2a$10$JKESwj/bjiKjxBw6rvbLnOGnzzUv1UlFNBPjM7FZdUSRN.0/dLIE.', '2362'),
  (420, 'Лъчезар Лозанов', 'CREW_MEMBER', 'Конструкция', '0887668258', NULL, 'София', 'лъчезар', '$2a$10$pD.UlnORXkxNH6oN0XuwmOL/pH2EJq1s49yria19/lptbrcM9TYEu', '8406'),
  (421, 'Николай Диков', 'CREW_MEMBER', 'Конструкция', '0879323844', NULL, 'София', 'николай', '$2a$10$OXw6mjaNDx9TlTR6YnVZIecjEnAIPc7m4KCT1SOuVbDbJ9sDzhi06', '2321'),
  (422, 'Евгени Боянски', 'CREW_LEADER', 'Конструкция', '0887239182', 'evg0999@gmail.com', 'Благоевград', 'евгени', '$2a$10$QjefwAW1/2bb5JjTPvhXy.VYNpsgo8K5AE44rqhlW93J.RXAe8xuO', '4675'),
  (423, 'Димитър Бъсин', 'CREW_MEMBER', 'Конструкция', '0885666942', NULL, 'София', 'димитър', '$2a$10$OG1UG1VtCghUR2Ciepdp3eWCC1z70AfyMj6gxxjaZ0GWLoX99IO9W', '2802'),
  (424, 'Красимир Първанов', 'CREW_MEMBER', 'Конструкция', '0886957878', NULL, 'София', 'красимир', '$2a$10$rj5lkC36dY/QDtSY50xfcOwlmuNE3UPwDszmc5fM5SZMQ6yGw2.xa', '4228'),
  (425, 'Георги Дюлгеров', 'CREW_MEMBER', 'Конструкция', '0892036847', 'georgidulgerov1978@gmail.com', 'София', 'георги2', '$2a$10$tHjLR1x8GtVwWSvaupZrzur1qavNAKWXrAIjpVoc1n7yAxtK94r2a', '1054'),
  (426, 'Слави Боянски', 'CREW_MEMBER', 'Конструкция', '0887239148', 'slaviboyanski@gmail.com', 'София', 'слави', '$2a$10$6zXJMvdOgHcClXKWh6Gj1em7ldjuCYJkiEbGriA3PrlSXfujn02/e', '3378'),
  (427, 'Георги Бачев', 'CREW_MEMBER', 'Конструкция', '0898550944', NULL, 'София', 'георги3', '$2a$10$TCLYxY8eM85j8NI5ymuOme8cE/Oz41M7HYmuKMNhpF4KHBmIXzvnu', '3081'),
  (428, 'Димитър Папучиев', 'CREW_MEMBER', 'Конструкция', '0896793983', 'mitov@abv.bg', 'София', 'димитър2', '$2a$10$7x76c5Q.vhx8RgeJHwgvrOFPROnO8LJjEYrQ77a0ANgPpdQMswrZS', '3046'),
  (429, 'Манол Крумов', 'CREW_MEMBER', 'Конструкция', '0899939598', NULL, 'София', 'манол', '$2a$10$GTeXvIH0WRdAzG.vLHM0gOSpD/1/xxD.qjmTgbrhZEGClQkW1DeJq', '2643'),
  (430, 'Николай Митов', 'CREW_MEMBER', 'Конструкция', '0894338565', NULL, 'София', 'николай', '$2a$10$guuI52XLWCenZL.735W.au1BfecR.LWu/sg3GsRn3GQd1Z.1fHfh.', '8145'),
  (431, 'Благо Михайлов', 'CREW_LEADER', 'Покрив', '0893236690', 'todorovanaza3@gmail.com', 'Самоков', 'благо', '$2a$10$iOQCJEUQmw2ZOHs4KGXqOunuiSOR.kWqgz/EiZRZag1Y20mL.V1GW', '4210'),
  (432, 'Боян Славчев', 'CREW_MEMBER', 'Покрив', NULL, NULL, 'София', 'боян', '$2a$10$WSnzXQSAWx/56t8tBaIe4.epp7ptF5Est2TtHJOnyCqmW/UQGYH4W', '5700'),
  (433, 'Янко Янков', 'CREW_MEMBER', 'Покрив', '0892392224', NULL, 'София', 'янко', '$2a$10$Oo3Nv9cTjl9oR0.QxKb1aeeP6E1eK2/qUALw.pVI7DjeBUwZPSDa6', '9631'),
  (434, 'Георги Митев', 'CREW_LEADER', 'Покрив', '0886922866', 'g92924500@gmail.com', 'София', 'георги4', '$2a$10$O7isgYmdxXKf1iUlIYiPS.jNd9CERDDj3.KYPWVFTOSM3xHNlBLFG', '1126'),
  (435, 'Георги Венков', 'CREW_MEMBER', 'Покрив', '0895367346', NULL, 'София', 'георги5', '$2a$10$YrYhkLrqpzvpHJKt/NdRH.S1Usad3PuKs4m3LzIVSIAEQTi9utro.', '2578'),
  (436, 'Георги Величков', 'CREW_MEMBER', 'Покрив', '0886466134', NULL, 'София', 'георги6', '$2a$10$Ei2Fp1P8eMTjYswbLocFjeszOCB.vQ4/W/2YC3VpjbdEEV9gqntQC', '4653'),
  (437, 'Борчо Найденов', 'CREW_MEMBER', 'Покрив', '0892905716', NULL, 'София', 'борчо', '$2a$10$EBBb6WesIxlXQowkpn0.A.ZlL6rm4pObwkehZSkU3KC5471hq6K3e', '3620'),
  (438, 'Данчо Георгиев', 'CREW_MEMBER', 'Покрив', '0896967691', NULL, 'София', 'данчо', '$2a$10$37yit3xRH5RcGwik.Ce3ourbmXfVqyIbY3ul6SnvMJ68Jx0WdOAaa', '1871'),
  (439, 'Наско Костов', 'CREW_MEMBER', 'Покрив', NULL, NULL, 'София', 'наско', '$2a$10$YdNt66gacXsMsUSRdMXazu7vFAoZaZ8SCeM9wIaoIb/TXvPGL2N.q', '1335'),
  (440, 'Стоян Спасоф', 'CREW_LEADER', 'Покрив', '0896135475', 'stoqnspasof2@gmail.com', 'София', 'стоян2', '$2a$10$mSOLwxd4EnFXL0hmoS91AOpOwkD2Up9NZkdBPGMbhDRHS4W9Vz37K', '5484'),
  (441, 'Рангел Рангелов', 'CREW_MEMBER', 'Покрив', '0879864899', 'rangelrangelov283@gmail.com', 'София', 'рангел', '$2a$10$7tXkQQ6m1VZk.OMV3m4.B..2Rp6z91eOmNAtrHFIx0G8NaTLnTHKq', '2908'),
  (442, 'Кирил Христов', 'CREW_MEMBER', 'Покрив', '0888040006', 'u4038822933@gmail.com', 'София', 'кирил', '$2a$10$ZWK3ZiXY5cxLqSrJ/B4QG.HxfUMnt6g4Fgwyt9rRbo9eUZZrcidv.', '8948'),
  (443, 'Борислав Арабаджиев', 'CREW_LEADER', 'Покрив', '0889904369', 'borkojeksa@gmail.com', 'София', 'борислав', '$2a$10$1FtkgKyh0ctI2Y9u4STd3.FtptDwvKXdgc6i4.RpHDroRf1Of/OT.', '8062'),
  (444, 'Лазар', 'CREW_LEADER', 'Дограма', '0887697279', '80ivcho@gmail.com', 'София', 'лазар', '$2a$10$Kni8DbTcYncjDsRnu2LFHO/Agq0kJzlnlDCPq8XTeZ8QkTCyVoQL6', '2768'),
  (445, 'Петър Иванов', 'CREW_LEADER', 'Ел', '0894354357', 'ivanovpiero@gmail.com', 'София', 'петър', '$2a$10$/4n7kRTk4V5TZx6skriSVuaECo3FpSjP4SxUpOyZkA5piBYuJdIsG', '3277'),
  (446, 'Радослав Павлов', 'CREW_LEADER', 'Ел', '0893203601', 'radko5074@gmail.com', 'София', 'радослав', '$2a$10$1TeMrHbQXEpVNq.YBCCLNeO49sJRHEXZRr4PElCPoEkVuFvN5g46e', '3176'),
  (447, 'Денис Стефанов', 'CREW_MEMBER', 'Ел', '0892313162', 'denisstefanovvv@abv.bg', 'София', 'денис', '$2a$10$nbpQ.wnYPM4ZZ8auf2PvVe.c5IYQSPW4zVyEFNX2jtzb9RN262W/q', '6802'),
  (448, 'Кристиян Лозанов', 'CREW_LEADER', 'Ел', '0893001659', 'lozanov77777@gmail.com', 'София', 'кристиян', '$2a$10$fwvfj0dyoPbMX8Gd2jRp6.6NtQkpfLp.64j53uEN.VpB0dVzzmhPy', '7976'),
  (449, 'Валентин Павлов', 'CREW_LEADER', 'Ел', '0882911509', 'vpavlovelectro@gmail.com', 'София', 'валентин', '$2a$10$EM7pH2GLhzGu8/.He1Z3k.I60I0zbq6e3tF2DPnniZO2vMvikW6iC', '3048'),
  (450, 'Емил Павлов', 'CREW_MEMBER', 'Ел', '0895831627', NULL, 'София', 'емил', '$2a$10$F0yp0osbsdBd2PD3ytlHsODjrDzLGfVVCRS4/jX3UINfdBJWs2Rly', '4323'),
  (451, 'Стоян Храдалиев', 'CREW_LEADER', 'ВиК', '0893844475', 'borislavovstoyan@gmail.com', 'София', 'стоян3', '$2a$10$vSJ9a/JBgCvyohYl4WW97uBxcXCzw1yw2QT.o65iLpPzKX927A2AG', '8641'),
  (452, 'Ангел Щранков', 'CREW_MEMBER', 'ВиК', '0893724731', NULL, 'София', 'ангел', '$2a$10$M4myrcYWW2N.I6bFh4Yr9u2rMgJsC5..LoNtxpjt88tWzhHFYRmsq', '8290'),
  (453, 'Георги Мурджев', 'CREW_MEMBER', 'ВиК', '0884612042', NULL, 'София', 'георги7', '$2a$10$Kc5GZaXo5QNKG4BgyeokoezI88r3ZkmKFD3.6GACAvPc81pYd56Ze', '7856'),
  (454, 'Петър Илиев', 'CREW_MEMBER', 'ВиК', '0899131954', 'чакам', 'София', 'петър2', '$2a$10$9F1dFc3eiF.I0OKCWDbdQeA/oYutyGDYKhAGwjKoLoDzBUelMEsqO', '3481'),
  (455, 'Огнян Пеев', 'CREW_LEADER', 'ВиК', '0887892220', 'vikssofiqq@gmail.com', 'София', 'огнян', '$2a$10$4fZOje/hjaq5XaSFW/T0SujA08DsgdrMhk1ORVWpovGlx2baTuySq', '4926'),
  (456, 'Марио Петров', 'CREW_MEMBER', 'ВиК', '0885885860', 'plamenpeev270@gmail.com', 'София', 'марио', '$2a$10$PAAPhm0OYWDJTALNxEyyOOvw4rMHJBT.EYGa/qKbeglri8p38DaW2', '4399'),
  (457, 'Пламен Пеев', 'CREW_MEMBER', 'ВиК', '0878327373', 'office@skyservice92.eu', 'София', 'пламен', '$2a$10$wIio5qFzrlDRwmVBRhRJXOeY7hIvWOvLzD1gIYVbeyu31xCqsXM4m', '1694'),
  (458, 'Красимир Борисов', 'CREW_LEADER', 'ВиК', '0885502402', 'krelstroi1@gmail.com', 'София', 'красимир2', '$2a$10$gMb4EBo4hDyTzI07HexPOu5R3Afa3tJDKN7AXmULQ1uo8DZwU4A6i', '2248'),
  (459, 'Георги Първанов', 'CREW_MEMBER', 'ВиК', '0884909650', NULL, 'София', 'георги8', '$2a$10$w3/4XWsxZLtsLmg.j91xJ..rzDziKXga9UeXJN0wqippBVQ04a6FC', '2399'),
  (460, 'Слави Ризов', 'CREW_LEADER', 'Изолация/Картон', '0897609547', 'tranoniq89@gmail.com', 'София', 'слави2', '$2a$10$esPZB8m1Ro0xQmTxTWs4POO2xkYLKVbQ/TRoo8.Pom98zZOa0c966', '9934'),
  (461, 'Митко Янев', 'CREW_MEMBER', 'Изолация/Картон', '0896492304', 'shisho_m@abv.bg', 'София', 'митко', '$2a$10$c5i.L/rQ8j5KWiUU7t9v7.yhIRfJxPk5.3d07cKz2QJ2Y6z4g5eCO', '9740'),
  (462, 'Георги Милушев', 'CREW_MEMBER', 'Изолация/Картон', '0895328033', 'j0pe@abv.bg', 'София', 'георги9', '$2a$10$JIPE3miYve6fxv6Ymxs5jOVDRIFCut1nwYb4uhcE9s8IvareDvJiG', '9353'),
  (463, 'Ивайло Славов', 'CREW_MEMBER', 'Изолация/Картон', '0899339929', 'slavoviv@abv.bg', 'София', 'ивайло', '$2a$10$OxZ0CyuDAVlGWIQ8J9nGwO.WgwxlUlzXsklSLpdDSteUStJ4wQ6YG', '2899'),
  (464, 'Мариян Младенов', 'CREW_MEMBER', 'Изолация/Картон', '0896221407', 'mladenov161@gmail.com', 'София', 'мариян', '$2a$10$65IgWXjfPZfvhdOgZ01GO.YyGh7tqIOtBr42/iXVDli0/E2UxwSWC', '9594'),
  (465, 'Венцислав Стефанов', 'CREW_MEMBER', 'Изолация/Картон', '0896616406', 'v_e_n_c_i86@abv.bg', 'София', 'венцислав', '$2a$10$zk/YCteE.cynPCKvdmve6.0zkfMWQ9WSaC2IbInOpjSnA0O8Hh4I6', '6294'),
  (466, 'Слави Василев', 'CREW_LEADER', 'Изолация/Картон', '0896653866', 'slavims1985@gmail.com', 'София', 'слави3', '$2a$10$0FviE/CEWGPShNZSohEW4e7B7eoi1ksUZ75pR9LA2ngpuM384kE4C', '2378'),
  (467, 'Цветелин Борисов', 'CREW_MEMBER', 'Изолация/Картон', '0899320327', 'borisov.cvetellin@abv.bg', 'София', 'цветелин', '$2a$10$JEYp9Hb1cUjy/ybXyOh.BOa21H9KzO/6UeK4zGLCaFG3rYOHrJC/S', '3633'),
  (468, 'Красимир Найденов', 'CREW_LEADER', 'Изолация/Картон', '0876264564', 'krasimir.naidenov@gmail.com', 'София', 'красимир3', '$2a$10$MnTsWPiuZv.PgSb25u2haOwqzSlJQm.K6WOn6fNISlxh8YTHV4sCi', '5479'),
  (469, 'Станислав Тачев', 'CREW_MEMBER', 'Изолация/Картон', '0893207307', 'Иска да говори с Теодор, няма да се зекира', 'София', 'станислав', '$2a$10$mOyoWyTWlC817k/JfEXAhuGfXXYBWDCaXTrMQQuKwMtTRHMJgEOTC', '3376'),
  (470, 'Красимир Методиев', 'CREW_MEMBER', 'Изолация/Картон', '0894059992', 'Иска да говори с Теодор, няма да се зекира', 'София', 'красимир4', '$2a$10$JlrH0Fn9EV2yl.t/FBTd2.BDQ0GjWSx2Qv5cXVrxULwdgPtKaGeTW', '7579'),
  (471, 'Кристиян Дочев', 'CREW_MEMBER', 'Изолация/Картон', '0882677777', 'Иска да говори с Теодор, няма да се зекира', 'София', 'кристиян2', '$2a$10$Y8PBIwBKx65ngnTT7a/mhejI6kPo6ABtZMOr1ZJbIMmZpX8Cazsai', '8268'),
  (472, 'Иво Димитров', 'CREW_LEADER', 'Изолация/Картон', '0896399453', 'dimitrovemil966@gmail.com', 'София', 'иво', '$2a$10$CRmKFgXlLD/nwifOYPq/TuSLFvD6WNjv8xUk2lnmHK8GTb9oib8K.', '1406'),
  (473, 'Марио Огнянов', 'CREW_MEMBER', 'Изолация/Картон', '0895094908', 'marioognyanov93@gmail.com', 'София', 'марио2', '$2a$10$jnnPz5Vg1xTx2MIA206sIe6fqJA7x9.lO2VdtUkJJcH6sm/E4aMCi', '7548'),
  (474, 'Атанас Росенов', 'CREW_MEMBER', 'Изолация/Картон', '0895996503', 'atsnasrosenov6@gmail.com', 'София', 'атанас', '$2a$10$07PhWzfF8K1yAzJHH3z/xO2if0ezjV2CLpKaZ4kluqenqvpBQOava', '3719'),
  (475, 'Румен', 'CREW_MEMBER', 'Изолация/Картон', NULL, NULL, 'София', 'румен', '$2a$10$C4B9a3LhuR1GSUgZDCbsKOC.UzxD6T4kXWix74s.3p0ClYoQsapI.', '6093'),
  (476, 'Виктор Петков', 'CREW_LEADER', 'Изолация/Картон', '0894222868', 'petkovvip@gmail.com', 'София', 'виктор', '$2a$10$P8yrVKSUaTCFX1t2MlZc/.9QDUEAIyT934Q6ABzY3O3c3QUIXRSxO', '5944'),
  (477, 'Радослав Димитров', 'CREW_MEMBER', 'Изолация/Картон', '0899219141', 'radislav_8912@mail.bg', 'София', 'радослав2', '$2a$10$b7Ughh5yNEBkNgrGc6XYEuNhEXjnNLwpnP6Gx1kD/ZtHn1FKK5T5u', '3763'),
  (478, 'Сергей Стоянов', 'CREW_MEMBER', 'Изолация/Картон', '0876980257', 'arcanzas94@gmail.com', 'София', 'сергей', '$2a$10$jvYotR2iTjiOoxXLOIkyf.MzDr.x5y63KljkKFniXunrWePiWC7xa', '2108'),
  (479, 'Жоро', 'CREW_LEADER', 'Изолация/Картон', '0886302431', 'diagonbuild@gmail.com', 'София', 'жоро', '$2a$10$jus0mErZwBar/suYP710We9A7x3QawOaM2vm8BjxITW3GKETdU5Pm', '2939'),
  (480, 'Александър', 'CREW_LEADER', 'Замазка', NULL, 'emsistroy82@gmail.com', 'София', 'александър', '$2a$10$2PndhxrlgAu64KQs81lWcefLx.PmW1hGVO/bE5PScFnT0QBOdTCVS', '8303'),
  (481, 'Мехмед Ахмед', 'CREW_LEADER', 'Плочки', '0876025175', 'cankoa4@gmail.com', 'София', 'мехмед', '$2a$10$.ARSWyAkNIkksg8Mf4iOve.gOl3mR1dwCvDRZdanE1zzKrMX1FMbO', '6855'),
  (482, 'Мустафа Халиибрям', 'CREW_LEADER', 'Плочки', '0877874327', 'mustafahaliibryam79@gmail.com', 'София', 'мустафа', '$2a$10$mumtH0Zz/Og7o9FIyQ4.aOCnS8iVCEvw/IDiZ5smcARs8KeAleMze', '8384'),
  (483, 'Неждет Шабан', 'CREW_LEADER', 'Плочки', '0889683142', 'nezhdet1968@gmail.com', 'София', 'неждет', '$2a$10$iiSiNJrjMX2HquBYjBmtY.K9Rtu3imrJc02FuqV5MT.anP8glqFuO', '9952'),
  (484, 'Николай Тупавичарски', 'CREW_LEADER', 'Плочки', '0877072020', 'nikolaytupavicharski@gmail.com', 'София', 'николай2', '$2a$10$JUsO1OcMd05GHlzQwNynm.Plu7gkpwFMCihKjVLjl9LObRi.xTtoy', '3560'),
  (485, 'Красимир Кюртов', 'CREW_MEMBER', 'Плочки', '0884449348', 'krasimir.winch3st3r@abv.bg', 'София', 'красимир5', '$2a$10$xP.i7gLa26mm.wkmvqWsQecMMCs9lxiODzxXg0W/6GUGLF/ETL8je', '7492'),
  (486, 'Валентин Стоянов', 'CREW_LEADER', 'Ламинат', '0886187617', 'valyostoyanoff@gmail.com', 'София', 'валентин2', '$2a$10$lBQ61KWyl/3YbgObAqtJrebFbNdAc.ZV6OaDWfFkxaSm3XZkZKvsC', '7635'),
  (487, 'Емануил Михов', 'CREW_MEMBER', 'Ламинат', '0896058028', 'emanuil.mihov@gmail.com', 'София', 'емануил', '$2a$10$FdBHptq9EdmS2gi.RBudnejjq70LUO9mtm5N4q0OeenYMSCBBnUXe', '2982');

-- crews
INSERT INTO public.crew (id, name, stage_order, location, leader_id)
OVERRIDING SYSTEM VALUE
VALUES
  (102, 'Владимир Борисов', 2, '', 411),
  (103, 'Евгени Боянски', 2, '', 422),
  (104, 'Благо Михайлов', 3, '', 431),
  (105, 'Георги Митев', 3, '', 434),
  (106, 'Стоян Спасоф', 3, '', 440),
  (107, 'Борислав Арабаджиев', 3, '', 443),
  (108, 'Петър Иванов', 4, '', 445),
  (109, 'Радослав Павлов', 4, '', 446),
  (110, 'Кристиян Лозанов', 4, '', 448),
  (111, 'Валентин Павлов', 4, '', 449),
  (112, 'Стоян Храдалиев', 5, '', 451),
  (113, 'Огнян Пеев', 5, '', 455),
  (114, 'Красимир Борисов', 5, '', 458),
  (115, 'Слави Ризов', 6, '', 460),
  (116, 'Слави Василев', 6, '', 466),
  (117, 'Красимир Найденов', 6, '', 468),
  (118, 'Иво Димитров', 6, '', 472),
  (119, 'Виктор Петков', 6, '', 476),
  (120, 'Жоро', 6, '', 479),
  (121, 'Александър', 7, '', 480),
  (122, 'Мехмед Ахмед', 8, '', 481),
  (123, 'Мустафа Халиибрям', 8, '', 482),
  (124, 'Неждет Шабан', 8, '', 483),
  (125, 'Николай Тупавичарски', 8, '', 484),
  (126, 'Валентин Стоянов', 9, '', 486),
  (128, 'Лазар', 10, '', 444);

-- assign workers to crews
UPDATE public.worker SET crew_id = 102 WHERE id IN (411, 412, 413, 414, 415, 416, 417, 418, 419, 420, 421);
UPDATE public.worker SET crew_id = 103 WHERE id IN (422, 423, 424, 425, 426, 427, 428, 429, 430);
UPDATE public.worker SET crew_id = 104 WHERE id IN (431, 432, 433);
UPDATE public.worker SET crew_id = 105 WHERE id IN (434, 435, 436, 437, 438, 439);
UPDATE public.worker SET crew_id = 106 WHERE id IN (440, 441, 442);
UPDATE public.worker SET crew_id = 107 WHERE id IN (443);
UPDATE public.worker SET crew_id = 108 WHERE id IN (445);
UPDATE public.worker SET crew_id = 109 WHERE id IN (446, 447);
UPDATE public.worker SET crew_id = 110 WHERE id IN (448);
UPDATE public.worker SET crew_id = 111 WHERE id IN (449, 450);
UPDATE public.worker SET crew_id = 112 WHERE id IN (451, 452, 453, 454);
UPDATE public.worker SET crew_id = 113 WHERE id IN (455, 456, 457);
UPDATE public.worker SET crew_id = 114 WHERE id IN (458, 459);
UPDATE public.worker SET crew_id = 115 WHERE id IN (460, 461, 462, 463, 464, 465);
UPDATE public.worker SET crew_id = 116 WHERE id IN (466, 467);
UPDATE public.worker SET crew_id = 117 WHERE id IN (468, 469, 470, 471);
UPDATE public.worker SET crew_id = 118 WHERE id IN (472, 473, 474, 475);
UPDATE public.worker SET crew_id = 119 WHERE id IN (476, 477, 478);
UPDATE public.worker SET crew_id = 120 WHERE id IN (479);
UPDATE public.worker SET crew_id = 121 WHERE id IN (480);
UPDATE public.worker SET crew_id = 122 WHERE id IN (481);
UPDATE public.worker SET crew_id = 123 WHERE id IN (482);
UPDATE public.worker SET crew_id = 124 WHERE id IN (483);
UPDATE public.worker SET crew_id = 125 WHERE id IN (484, 485);
UPDATE public.worker SET crew_id = 126 WHERE id IN (486, 487);
UPDATE public.worker SET crew_id = 128 WHERE id IN (444);

-- reset sequences
SELECT setval('public.worker_id_seq', 487);
SELECT setval('public.crew_id_seq', 128);

-- app_user
INSERT INTO public.app_user (id, username, password_hash, role)
OVERRIDING SYSTEM VALUE
VALUES
  (1, 'admin', '$2b$10$t01RgPA7kYT3F0ML0zyNhuNAQIkq2m3p6gGwV.JtIJANEaXf0xBSS', 'admin'),
  (2, 'user', '$2b$10$E1JpDkL3aFadFdQVsEc80./Jc/ifz6mhD.HbZYhOZtidx3EpMnS0m', 'user');

SELECT setval('public.app_user_id_seq', (SELECT MAX(id) FROM public.app_user));

-- doc_folder: company structure (top-level + department subfolders)
INSERT INTO public.doc_folder (id, code, label_en, label_bg, icon, color, sort_order, parent_id) OVERRIDING SYSTEM VALUE VALUES
-- top-level
  (1,  '00', 'Control',              'Контрол',              '🛡️', '#4f8ef7', 0, NULL),
  (2,  '01', 'Sales',                'Продажби',             '📈', '#3ecf6e', 1, NULL),
  (3,  '02', 'Active Sites',         'Обекти в строеж',      '🏗️', '#f97316', 2, NULL),
  (4,  '03', 'Finance',              'Финанси',              '🧮', '#a78bfa', 3, NULL),
  (5,  '04', 'Administration & HR',  'Администрация и ЧР',   '👥', '#fb7185', 4, NULL),
  (6,  '05', 'Standards & Templates','Стандарти и Шаблони',  '📋', '#00c9b1', 5, NULL),
  (7,  '06', 'Marketing',            'Маркетинг',            '📣', '#f59e0b', 6, NULL),
  (8,  '07', 'Completed Sites',      'Обекти завършени',     '🏠', '#4f8ef7', 7, NULL),
  (9,  '08', 'Purchases',            'Покупки',              '🛒', '#00c9b1', 8, NULL),
-- Control subfolders (parent=1)
  (10, 'doc00_01', '01_OBJECTS_CONTROL',   '01_КОНТРОЛ_ОБЕКТИ',       '📂', '#4f8ef7', 0, 1),
  (11, 'doc00_02', '02_EXPENSES_CONTROL',  '02_КОНТРОЛ_РАЗХОДИ',      '📂', '#4f8ef7', 1, 1),
  (12, 'doc00_03', '03_CLIENTS_CONTROL',   '03_КОНТРОЛ_КЛИЕНТИ',      '📂', '#4f8ef7', 2, 1),
  (13, 'doc00_04', '04_SUPPLIERS_CONTROL', '04_КОНТРОЛ_ДОСТАВЧИЦИ',   '📂', '#4f8ef7', 3, 1),
  (14, 'doc00_05', '05_CREWS_CONTROL',     '05_КОНТРОЛ_БРИГАДИ',      '📂', '#4f8ef7', 4, 1),
  (15, 'doc00_06', '06_FLEET_CONTROL',     '06_КОНТРОЛ_АВТОПАРК',     '📂', '#4f8ef7', 5, 1),
  (16, 'doc00_07', '07_MATERIALS_CONTROL', '07_КОНТРОЛ_МАТЕРИАЛИ',    '📂', '#4f8ef7', 6, 1),
-- Sales subfolders (parent=2)
  (17, 'doc01_00a', '00_CRM',                     '00_CRM',                         '📂', '#3ecf6e',  0, 2),
  (18, 'doc01_00b', '00_NEW_CLIENTS',              '00_НОВИ_КЛИЕНТИ',                '📂', '#3ecf6e',  1, 2),
  (19, 'doc01_01',  '01_WITH_ARCHITECTS',          '01_ПРИ_АРХИТЕКТИ',               '📂', '#3ecf6e',  2, 2),
  (20, 'doc01_02',  '02_FOR_OFFER',                '02_ЗА_ОФЕРТА',                   '📂', '#3ecf6e',  3, 2),
  (21, 'doc01_03',  '03_OFFERS_FOR_APPROVAL',      '03_ОФЕРТИ_ЗА_ПОТВЪРЖДЕНИЕ',      '📂', '#3ecf6e',  4, 2),
  (22, 'doc01_04',  '04_SENT_OFFERS',              '04_ИЗПРАТЕНИ_ОФЕРТИ',            '📂', '#3ecf6e',  5, 2),
  (23, 'doc01_05',  '05_FOR_CONTRACT',             '05_ЗА_ДОГОВОР',                  '📂', '#3ecf6e',  6, 2),
  (24, 'doc01_06',  '06_CONTRACTS_FOR_APPROVAL',   '06_ДОГОВОРИ_ЗА_ПОТВЪРЖДЕНИЕ',    '📂', '#3ecf6e',  7, 2),
  (25, 'doc01_07',  '07_SENT_CONTRACTS',           '07_ИЗПРАТЕНИ_ДОГОВОРИ',          '📂', '#3ecf6e',  8, 2),
  (26, 'doc01_08',  '08_CONTRACT_SIGNED',          '08_ДОГОВОР_ПОДПИСАН',            '📂', '#3ecf6e',  9, 2),
  (27, 'doc01_09',  '09_AUDIO',                    '09_АУДИО',                       '📂', '#3ecf6e', 10, 2),
  (28, 'doc01_10',  '10_CRM_ARCHIVE',              '10_CRM_АРХИВ',                   '📂', '#3ecf6e', 11, 2),
-- Finance subfolders (parent=4)
  (29, 'doc03_01', 'Accounting', 'Счетоводство', '📂', '#a78bfa', 0, 4),
-- Administration subfolders (parent=5)
  (30, 'doc04_01', '01_COMPANY_DOCUMENTS', '01_ФИРМЕНИ_ДОКУМЕНТИ', '📂', '#fb7185', 0, 5),
  (31, 'doc04_02', '02_HR',               '02_HR',                 '📂', '#fb7185', 1, 5),
  (32, 'doc04_03', '03_CONTRACTS',        '03_ДОГОВОРИ',           '📂', '#fb7185', 2, 5),
  (33, 'doc04_07', '07_PERSONNEL',        '07_ПЕРСОНАЛ',           '📂', '#fb7185', 3, 5),
-- Standards subfolders (parent=6)
  (34, 'doc05_01', 'Technical standards',   'Технически стандарти',       '📂', '#00c9b1',  0, 6),
  (35, 'doc05_02', 'TEMPLATE_CREW_MASTER',  'ШАБЛОН_БРИГАДА_МАСТЪР',      '📂', '#00c9b1',  1, 6),
  (36, 'doc05_03', 'TEMPLATE_INVOICE_ISSUE','ШАБЛОН_ИЗДАВАНЕ_ФАКТУРИ',    '📂', '#00c9b1',  2, 6),
  (37, 'doc05_04', 'TEMPLATE_MATERIALS',    'ШАБЛОН_МАТЕРИАЛИ',           '📂', '#00c9b1',  3, 6),
  (38, 'doc05_05', 'TEMPLATE_REPORTS',      'ШАБЛОН_ОТЧЕТИ',              '📂', '#00c9b1',  4, 6),
  (39, 'doc05_06', 'TEMPLATE_RECEIPT',      'ШАБЛОН_РАЗПИСКА',            '📂', '#00c9b1',  5, 6),
  (40, 'doc05_07', 'TEMPLATE_CONTRACTS',    'ШАБЛОН_ДОГОВОРИ',            '📂', '#00c9b1',  6, 6),
  (41, 'doc05_08', 'TEMPLATE_REQUEST',      'ШАБЛОН_ЗАЯВКА',              '📂', '#00c9b1',  7, 6),
  (42, 'doc05_09', 'TEMPLATE_OFFERS',       'ШАБЛОН_ОФЕРТИ',              '📂', '#00c9b1',  8, 6),
  (43, 'doc05_10', 'TEMPLATE_FOLDERS',      'ШАБЛОН_ПАПКИ',               '📂', '#00c9b1',  9, 6),
  (44, 'doc05_11', 'TEMPLATE_COMPLETION',   'ШАБЛОН_ПРИКЛЮЧВАНЕ',         '📂', '#00c9b1', 10, 6);

SELECT setval('public.doc_folder_id_seq', 44);

-- doc_folder_template: configurable house folder template (replaces hardcoded Java array)
CREATE TABLE public.doc_folder_template (
    id         integer NOT NULL GENERATED BY DEFAULT AS IDENTITY,
    code       character varying(30)  NOT NULL,
    label_bg   character varying(255) NOT NULL,
    label_en   character varying(255) NOT NULL,
    parent_id  integer DEFAULT NULL,
    sort_order integer NOT NULL DEFAULT 0,
    icon       character varying(10)  NOT NULL DEFAULT '',
    color      character varying(20)  NOT NULL DEFAULT '#4f8ef7',
    CONSTRAINT doc_folder_template_pkey PRIMARY KEY (id),
    CONSTRAINT doc_folder_template_code_unique UNIQUE (code),
    CONSTRAINT doc_folder_template_parent_fk FOREIGN KEY (parent_id) REFERENCES public.doc_folder_template(id) ON DELETE CASCADE
);

INSERT INTO public.doc_folder_template (id, code, label_bg, label_en, parent_id, sort_order) OVERRIDING SYSTEM VALUE VALUES
  (1,  '01',    '01_ЧЕРТЕЖИ',                         'Drawings',                 NULL, 1),
  (2,  '02',    '02_ДОГОВОРИ_И_ПРИЛОЖЕНИЯ',            'Contracts & Annexes',      NULL, 2),
  (3,  '03',    '03_СНИМКИ',                           'Photos',                   NULL, 3),
  (4,  '04',    '04_Материали_и_Логистика',            'Materials & Logistics',    NULL, 4),
  (5,  '04-01', 'Заявки',                              'Requests',                 4,    1),
  (6,  '04-02', 'Остатъчен материал',                  'Residual material',        4,    2),
  (7,  '05',    '05_Комуникация_с_Клиента',            'Client Communication',     NULL, 5),
  (8,  '06',    '06_Работна_документация_и_Протоколи', 'Working Docs & Protocols', NULL, 6),
  (9,  '07',    '07_ОТЧЕТИ_ТРУД',                      'Labour Reports',           NULL, 7),
  (10, '08',    '08_РЕЗУЛТАТИ',                        'Results',                  NULL, 8),
  (11, '09',    '09_КОНТРОЛ_КАЧЕСТВО',                 'Quality Control',          NULL, 9);
SELECT setval('public.doc_folder_template_id_seq', 11);
