-- ============================================================
--  LOGISTICS-TED  —  Consolidated Baseline  (2026-07-16)
--  Replaces V1-V4 migrations for fresh installs.
--
--  Usage (fresh install):
--    Start the app against a fresh DB — Flyway runs this as V1 automatically.
--    No manual psql step needed.
-- ============================================================

SET client_encoding = 'UTF8';
SET standard_conforming_strings = on;
SET check_function_bodies = false;
SET client_min_messages = warning;
SET row_security = off;

-- ────────────────────────────────────────────────────────────
--  FUNCTIONS
-- ────────────────────────────────────────────────────────────

CREATE FUNCTION public.audit_log_no_update() RETURNS trigger
    LANGUAGE plpgsql AS $$
BEGIN
    RAISE EXCEPTION 'audit_log is append-only';
END;
$$;


-- ────────────────────────────────────────────────────────────
--  SEQUENCES  (must come before tables that reference them)
-- ────────────────────────────────────────────────────────────

CREATE SEQUENCE public.house_stage_id_seq  AS integer START WITH 1 INCREMENT BY 1 NO MINVALUE NO MAXVALUE CACHE 1;
CREATE SEQUENCE public.work_session_id_seq AS integer START WITH 1 INCREMENT BY 1 NO MINVALUE NO MAXVALUE CACHE 1;
CREATE SEQUENCE public.doc_folder_id_seq   AS integer START WITH 1 INCREMENT BY 1 NO MINVALUE NO MAXVALUE CACHE 1;
CREATE SEQUENCE public.doc_document_id_seq AS integer START WITH 1 INCREMENT BY 1 NO MINVALUE NO MAXVALUE CACHE 1;
CREATE SEQUENCE public.electric_box_id_seq     AS integer START WITH 1 INCREMENT BY 1 NO MINVALUE NO MAXVALUE CACHE 1;
CREATE SEQUENCE public.electric_circuit_id_seq AS integer START WITH 1 INCREMENT BY 1 NO MINVALUE NO MAXVALUE CACHE 1;

-- ────────────────────────────────────────────────────────────
--  TABLES  (dependency order: no FKs first)
-- ────────────────────────────────────────────────────────────

CREATE TABLE public.app_user (
    id          integer NOT NULL GENERATED BY DEFAULT AS IDENTITY,
    username    character varying(50)  NOT NULL,
    password_hash character varying(255) NOT NULL,
    role        character varying(10)  NOT NULL DEFAULT 'user',
    created_at  timestamp without time zone DEFAULT CURRENT_TIMESTAMP,
    CONSTRAINT chk_app_user_role CHECK (role IN ('admin','user'))
);

CREATE TABLE public.stage_type (
    stage_order  integer              NOT NULL,
    stage_name   character varying(100) NOT NULL,
    stage_name_en character varying(100),
    main_stage_bg character varying(100),
    main_stage_en character varying(100),
    has_crew     boolean              NOT NULL DEFAULT true
);

CREATE TABLE public.house (
    id               integer NOT NULL GENERATED BY DEFAULT AS IDENTITY,
    name             character varying(150) NOT NULL,
    location         character varying(255) NOT NULL,
    lat              numeric(9,6),
    lng              numeric(9,6),
    start_date       date,
    current_phase    character varying(1000),
    scaffold_status  character varying(20)  NOT NULL DEFAULT 'NONE',
    scaffold_start_date date,
    scaffold_end_date   date,
    checkin_token    character varying(64),
    CONSTRAINT house_scaffold_status_check CHECK (scaffold_status IN ('NONE','AVAILABLE','IN_USE'))
);

CREATE TABLE public.worker (
    id            integer NOT NULL GENERATED BY DEFAULT AS IDENTITY,
    name          character varying(150) NOT NULL,
    location      character varying(255) NOT NULL DEFAULT '',
    lat           numeric(9,6),
    lng           numeric(9,6),
    role          character varying(20)  NOT NULL DEFAULT 'CREW_MEMBER',
    crew_id       integer,
    username      character varying(60),
    password_hash character varying(255),
    password_plain character varying(100),
    phone         character varying(50),
    email         character varying(255),
    CONSTRAINT worker_role_check CHECK (role IN ('CREW_MEMBER','CREW_LEADER','CREW_MANAGER'))
);

CREATE TABLE public.crew (
    id         integer NOT NULL GENERATED BY DEFAULT AS IDENTITY,
    name       character varying(150) NOT NULL,
    manager_id integer,
    house_id   integer,
    location   character varying(255) NOT NULL DEFAULT '',
    lat        numeric(9,6),
    lng        numeric(9,6),
    leader_id  integer
);

CREATE TABLE public.crew_stage_type (
    crew_id     integer NOT NULL,
    stage_order integer NOT NULL
);

CREATE TABLE public.worker_stage_type (
    worker_id   integer NOT NULL,
    stage_order integer NOT NULL
);

CREATE TABLE public.house_stage (
    id           integer NOT NULL DEFAULT nextval('public.house_stage_id_seq'),
    house_id     integer NOT NULL,
    stage_order  integer NOT NULL,
    stage_name   character varying(120) NOT NULL,
    worker_name  character varying(120),
    status       character varying(30)  NOT NULL DEFAULT 'NOT_STARTED',
    notes        text,
    updated_at   timestamp without time zone NOT NULL DEFAULT now(),
    stage_name_en character varying(120),
    crew_id      integer,
    start_date   date,
    end_date     date
);
ALTER SEQUENCE public.house_stage_id_seq OWNED BY public.house_stage.id;

CREATE TABLE public.house_stage_crew_log (
    id           bigint  NOT NULL GENERATED BY DEFAULT AS IDENTITY,
    house_id     integer NOT NULL,
    house_name   character varying(255) NOT NULL,
    stage_order  integer NOT NULL,
    stage_name   character varying(120) NOT NULL,
    stage_name_en character varying(120),
    crew_id      integer,
    crew_name    character varying(255),
    status       character varying(30)  NOT NULL,
    start_date   date,
    end_date     date,
    logged_at    timestamp with time zone NOT NULL DEFAULT now()
);

CREATE TABLE public.scaffold (
    id         integer NOT NULL GENERATED BY DEFAULT AS IDENTITY,
    status     character varying(20) NOT NULL DEFAULT 'NONE',
    start_date date,
    end_date   date,
    house_id   integer,
    CONSTRAINT scaffold_status_check CHECK (status IN ('NONE','AVAILABLE','IN_USE'))
);

CREATE TABLE public.material (
    id    integer NOT NULL GENERATED BY DEFAULT AS IDENTITY,
    name  character varying(100) NOT NULL,
    unit  character varying(50)  NOT NULL,
    price numeric(10,2) NOT NULL DEFAULT 0.00
);

CREATE TABLE public.material_order (
    id           integer NOT NULL GENERATED BY DEFAULT AS IDENTITY (SEQUENCE NAME public.house_order_id_seq),
    house_id     integer NOT NULL,
    status       character varying(20) NOT NULL DEFAULT 'DRAFT',
    notes        text,
    created_at   timestamp without time zone NOT NULL DEFAULT now(),
    updated_at   timestamp without time zone NOT NULL DEFAULT now(),
    created_by   integer,
    house_stage_id integer,
    CONSTRAINT house_order_status_check CHECK (status IN ('DRAFT','CONFIRMED','DELIVERED','CANCELLED'))
);

CREATE TABLE public.material_order_item (
    id          integer NOT NULL GENERATED BY DEFAULT AS IDENTITY (SEQUENCE NAME public.house_order_item_id_seq),
    order_id    integer NOT NULL,
    material_id integer NOT NULL,
    quantity    numeric(10,2) NOT NULL,
    CONSTRAINT chk_order_item_qty_positive CHECK (quantity > 0)
);

CREATE TABLE public.warehouse (
    id       integer NOT NULL GENERATED BY DEFAULT AS IDENTITY,
    house_id integer NOT NULL
);

CREATE TABLE public.inventory (
    id           integer NOT NULL GENERATED BY DEFAULT AS IDENTITY,
    warehouse_id integer NOT NULL,
    material_id  integer NOT NULL,
    quantity     numeric(10,2) NOT NULL DEFAULT 0.00
);

CREATE TABLE public.work_session (
    id              integer NOT NULL DEFAULT nextval('public.work_session_id_seq'),
    worker_id       integer NOT NULL,
    house_id        integer NOT NULL,
    session_date    date    NOT NULL DEFAULT CURRENT_DATE,
    checked_in_at   timestamp with time zone NOT NULL DEFAULT now(),
    checked_out_at  timestamp with time zone,
    device_id       character varying(128) NOT NULL,
    check_in_lat    numeric(9,6),
    check_in_lng    numeric(9,6),
    check_out_lat   numeric(9,6),
    check_out_lng   numeric(9,6)
);
ALTER SEQUENCE public.work_session_id_seq OWNED BY public.work_session.id;

CREATE TABLE public.audit_log (
    id               bigint  NOT NULL GENERATED BY DEFAULT AS IDENTITY,
    at               timestamp with time zone NOT NULL DEFAULT now(),
    actor_type       character varying(16)  NOT NULL,
    app_user_id      integer,
    worker_id        integer,
    telegram_chat_id bigint,
    username         character varying(255),
    role             character varying(32),
    source           character varying(16)  NOT NULL,
    action           character varying(32)  NOT NULL,
    entity_type      character varying(64),
    entity_id        character varying(64),
    http_method      character varying(8),
    http_path        character varying(512),
    http_status      integer,
    client_ip        character varying(45),
    request_id       character varying(64),
    details_json     jsonb,
    CONSTRAINT chk_audit_actor_type CHECK (actor_type IN ('app_user','worker','telegram','anonymous')),
    CONSTRAINT chk_audit_source     CHECK (source     IN ('api','telegram'))
);

CREATE TABLE public.supplier (
    id       integer NOT NULL GENERATED BY DEFAULT AS IDENTITY,
    name     character varying(150) NOT NULL,
    location character varying(255) NOT NULL,
    lat      numeric(9,6),
    lng      numeric(9,6)
);

CREATE TABLE public.supplier_inventory (
    id          integer NOT NULL GENERATED BY DEFAULT AS IDENTITY,
    supplier_id integer NOT NULL,
    material_id integer NOT NULL,
    quantity    numeric(10,2) NOT NULL DEFAULT 0.00,
    unit_price  numeric(10,2),
    CONSTRAINT chk_sup_inv_quantity CHECK (quantity >= 0)
);

CREATE TABLE public.depot (
    id       integer NOT NULL GENERATED BY DEFAULT AS IDENTITY,
    name     character varying(150) NOT NULL,
    location character varying(255) NOT NULL,
    lat      numeric(9,6),
    lng      numeric(9,6)
);

CREATE TABLE public.depot_inventory (
    id          integer NOT NULL GENERATED BY DEFAULT AS IDENTITY,
    depot_id    integer NOT NULL,
    material_id integer NOT NULL,
    quantity    numeric(10,2) NOT NULL DEFAULT 0.00,
    CONSTRAINT chk_depot_inv_quantity CHECK (quantity >= 0)
);

CREATE TABLE public.driver (
    id  integer NOT NULL GENERATED BY DEFAULT AS IDENTITY,
    name character varying(150) NOT NULL,
    van  character varying(100) NOT NULL
);

CREATE TABLE public.delivery (
    id             integer NOT NULL GENERATED BY DEFAULT AS IDENTITY,
    order_id       integer NOT NULL,
    delivered_at   timestamp without time zone NOT NULL DEFAULT now(),
    notes          text,
    responsible_id integer
);

CREATE TABLE public.delivery_item (
    id          integer NOT NULL GENERATED BY DEFAULT AS IDENTITY,
    delivery_id integer NOT NULL,
    material_id integer NOT NULL,
    qty_delivered numeric(10,2) NOT NULL,
    CONSTRAINT delivery_item_qty_delivered_check CHECK (qty_delivered > 0)
);

CREATE TABLE public.customer_order (
    id                   bigint  NOT NULL GENERATED BY DEFAULT AS IDENTITY,
    public_id            uuid    NOT NULL,
    created_at           timestamp with time zone NOT NULL DEFAULT now(),
    app_user_id          integer,
    telegram_chat_id     bigint,
    source               character varying(20) NOT NULL,
    lang                 character varying(8),
    start_lat            numeric(9,6) NOT NULL,
    start_lng            numeric(9,6) NOT NULL,
    start_name           character varying(255),
    destination_house_id integer,
    materials_json       jsonb NOT NULL,
    alternatives_count   integer NOT NULL,
    fully_fulfilled      boolean NOT NULL,
    matrix_provider      character varying(20) NOT NULL,
    compute_ms           integer NOT NULL,
    chosen_option_id     bigint,
    chosen_at            timestamp with time zone,
    CONSTRAINT chk_order_requester CHECK (app_user_id IS NOT NULL OR telegram_chat_id IS NOT NULL),
    CONSTRAINT chk_order_source    CHECK (source IN ('dashboard','telegram','api'))
);

CREATE TABLE public.order_route_option (
    id                   bigint  NOT NULL GENERATED BY DEFAULT AS IDENTITY,
    public_id            uuid    NOT NULL,
    order_id             bigint  NOT NULL,
    objective            character varying(32) NOT NULL,
    is_primary           boolean NOT NULL,
    sequence_index       integer NOT NULL,
    total_distance_km    integer NOT NULL,
    total_minutes        integer NOT NULL,
    total_stops          integer NOT NULL,
    supplier_stops_count integer NOT NULL,
    fully_fulfilled      boolean NOT NULL,
    house_ids_signature  text    NOT NULL,
    maps_url             text,
    payload_json         jsonb   NOT NULL,
    first_viewed_at      timestamp with time zone,
    last_viewed_at       timestamp with time zone,
    view_count           integer NOT NULL DEFAULT 0,
    warehouse_stops_count integer NOT NULL DEFAULT 0
);

CREATE TABLE public.order_event (
    id           bigint  NOT NULL GENERATED BY DEFAULT AS IDENTITY,
    order_id     bigint  NOT NULL,
    option_id    bigint,
    event_type   character varying(20) NOT NULL,
    at           timestamp with time zone NOT NULL DEFAULT now(),
    app_user_id  integer,
    metadata_json jsonb,
    CONSTRAINT chk_event_type CHECK (event_type IN ('created','viewed','chosen','unchosen'))
);

CREATE TABLE public.doc_folder (
    id        integer NOT NULL DEFAULT nextval('public.doc_folder_id_seq'),
    code      character varying(30)  NOT NULL,
    label_en  character varying(255) NOT NULL,
    label_bg  character varying(255) NOT NULL,
    icon      character varying(10)  NOT NULL DEFAULT '',
    color     character varying(20)  NOT NULL DEFAULT '#4f8ef7',
    link_url  character varying(1000),
    sort_order integer NOT NULL DEFAULT 0,
    parent_id integer
);
ALTER SEQUENCE public.doc_folder_id_seq OWNED BY public.doc_folder.id;

CREATE TABLE public.doc_folder_template (
    id        integer NOT NULL GENERATED BY DEFAULT AS IDENTITY,
    code      character varying(30)  NOT NULL,
    label_bg  character varying(255) NOT NULL,
    label_en  character varying(255) NOT NULL,
    parent_id integer,
    sort_order integer NOT NULL DEFAULT 0,
    icon      character varying(10)  NOT NULL DEFAULT '',
    color     character varying(20)  NOT NULL DEFAULT '#4f8ef7'
);

CREATE TABLE public.doc_document (
    id          integer NOT NULL DEFAULT nextval('public.doc_document_id_seq'),
    folder_id   integer NOT NULL,
    title_en    character varying(255) NOT NULL,
    title_bg    character varying(255) NOT NULL DEFAULT '',
    link_url    character varying(1000),
    doc_type    character varying(20)  NOT NULL DEFAULT 'PDF',
    description character varying(500),
    sort_order  integer NOT NULL DEFAULT 0,
    created_at  timestamp without time zone NOT NULL DEFAULT now()
);
ALTER SEQUENCE public.doc_document_id_seq OWNED BY public.doc_document.id;

CREATE TABLE public.electric_box (
    id         integer NOT NULL DEFAULT nextval('public.electric_box_id_seq'),
    house_id   integer NOT NULL,
    main_amps  integer NOT NULL DEFAULT 200,
    label      character varying(150),
    token      character varying(64) NOT NULL,
    created_at timestamp with time zone NOT NULL DEFAULT now()
);
ALTER SEQUENCE public.electric_box_id_seq OWNED BY public.electric_box.id;

CREATE TABLE public.electric_circuit (
    id         integer NOT NULL DEFAULT nextval('public.electric_circuit_id_seq'),
    box_id     integer NOT NULL,
    slot_index integer NOT NULL,
    side       character varying(5)  NOT NULL DEFAULT 'LEFT',
    label      character varying(100),
    amps       integer,
    type       character varying(10) NOT NULL DEFAULT 'SINGLE',
    status     character varying(10) NOT NULL DEFAULT 'ON',
    CONSTRAINT electric_circuit_side_check   CHECK (side   IN ('LEFT','RIGHT')),
    CONSTRAINT electric_circuit_status_check CHECK (status IN ('ON','OFF','TRIPPED')),
    CONSTRAINT electric_circuit_type_check   CHECK (type   IN ('SINGLE','DOUBLE','TANDEM','EMPTY'))
);
ALTER SEQUENCE public.electric_circuit_id_seq OWNED BY public.electric_circuit.id;


-- ────────────────────────────────────────────────────────────
--  PRIMARY KEYS
-- ────────────────────────────────────────────────────────────

ALTER TABLE ONLY public.app_user              ADD CONSTRAINT app_user_pkey                          PRIMARY KEY (id);
ALTER TABLE ONLY public.audit_log             ADD CONSTRAINT audit_log_pkey                         PRIMARY KEY (id);
ALTER TABLE ONLY public.crew                  ADD CONSTRAINT crew_pkey                              PRIMARY KEY (id);
ALTER TABLE ONLY public.crew_stage_type       ADD CONSTRAINT crew_stage_type_pkey                   PRIMARY KEY (crew_id, stage_order);
ALTER TABLE ONLY public.customer_order        ADD CONSTRAINT customer_order_pkey                    PRIMARY KEY (id);
ALTER TABLE ONLY public.delivery              ADD CONSTRAINT delivery_pkey                          PRIMARY KEY (id);
ALTER TABLE ONLY public.delivery_item         ADD CONSTRAINT delivery_item_pkey                     PRIMARY KEY (id);
ALTER TABLE ONLY public.depot                 ADD CONSTRAINT depot_pkey                             PRIMARY KEY (id);
ALTER TABLE ONLY public.depot_inventory       ADD CONSTRAINT depot_inventory_pkey                   PRIMARY KEY (id);
ALTER TABLE ONLY public.doc_document          ADD CONSTRAINT doc_document_pkey                      PRIMARY KEY (id);
ALTER TABLE ONLY public.doc_folder            ADD CONSTRAINT doc_folder_pkey                        PRIMARY KEY (id);
ALTER TABLE ONLY public.doc_folder_template   ADD CONSTRAINT doc_folder_template_pkey               PRIMARY KEY (id);
ALTER TABLE ONLY public.driver                ADD CONSTRAINT driver_pkey                            PRIMARY KEY (id);
ALTER TABLE ONLY public.electric_box          ADD CONSTRAINT electric_box_pkey                      PRIMARY KEY (id);
ALTER TABLE ONLY public.electric_circuit      ADD CONSTRAINT electric_circuit_pkey                  PRIMARY KEY (id);
ALTER TABLE ONLY public.house                 ADD CONSTRAINT house_pkey                             PRIMARY KEY (id);
ALTER TABLE ONLY public.house_stage           ADD CONSTRAINT house_stage_pkey                       PRIMARY KEY (id);
ALTER TABLE ONLY public.house_stage_crew_log  ADD CONSTRAINT house_stage_crew_log_pkey              PRIMARY KEY (id);
ALTER TABLE ONLY public.inventory             ADD CONSTRAINT inventory_pkey                         PRIMARY KEY (id);
ALTER TABLE ONLY public.material              ADD CONSTRAINT material_pkey                          PRIMARY KEY (id);
ALTER TABLE ONLY public.material_order        ADD CONSTRAINT house_order_pkey                       PRIMARY KEY (id);
ALTER TABLE ONLY public.material_order_item   ADD CONSTRAINT house_order_item_pkey                  PRIMARY KEY (id);
ALTER TABLE ONLY public.order_event           ADD CONSTRAINT order_event_pkey                       PRIMARY KEY (id);
ALTER TABLE ONLY public.order_route_option    ADD CONSTRAINT order_route_option_pkey                PRIMARY KEY (id);
ALTER TABLE ONLY public.scaffold              ADD CONSTRAINT scaffold_pkey                          PRIMARY KEY (id);
ALTER TABLE ONLY public.stage_type            ADD CONSTRAINT stage_type_pkey                        PRIMARY KEY (stage_order);
ALTER TABLE ONLY public.supplier              ADD CONSTRAINT supplier_pkey                          PRIMARY KEY (id);
ALTER TABLE ONLY public.supplier_inventory    ADD CONSTRAINT supplier_inventory_pkey                PRIMARY KEY (id);
ALTER TABLE ONLY public.warehouse             ADD CONSTRAINT warehouse_pkey                         PRIMARY KEY (id);
ALTER TABLE ONLY public.work_session          ADD CONSTRAINT work_session_pkey                      PRIMARY KEY (id);
ALTER TABLE ONLY public.worker                ADD CONSTRAINT worker_pkey                            PRIMARY KEY (id);
ALTER TABLE ONLY public.worker_stage_type     ADD CONSTRAINT worker_stage_type_pkey                 PRIMARY KEY (worker_id, stage_order);


-- ────────────────────────────────────────────────────────────
--  UNIQUE CONSTRAINTS
-- ────────────────────────────────────────────────────────────

ALTER TABLE ONLY public.app_user            ADD CONSTRAINT app_user_username_key                    UNIQUE (username);
ALTER TABLE ONLY public.customer_order      ADD CONSTRAINT customer_order_public_id_key             UNIQUE (public_id);
ALTER TABLE ONLY public.delivery_item       ADD CONSTRAINT delivery_item_delivery_id_material_id_key UNIQUE (delivery_id, material_id);
ALTER TABLE ONLY public.depot_inventory     ADD CONSTRAINT uq_depot_inv                             UNIQUE (depot_id, material_id);
ALTER TABLE ONLY public.doc_folder_template ADD CONSTRAINT doc_folder_template_code_unique          UNIQUE (code);
ALTER TABLE ONLY public.electric_box        ADD CONSTRAINT electric_box_house_id_key                UNIQUE (house_id);
ALTER TABLE ONLY public.electric_box        ADD CONSTRAINT electric_box_token_key                   UNIQUE (token);
ALTER TABLE ONLY public.electric_circuit    ADD CONSTRAINT electric_circuit_box_id_slot_index_side_key UNIQUE (box_id, slot_index, side);
ALTER TABLE ONLY public.house               ADD CONSTRAINT house_checkin_token_key                  UNIQUE (checkin_token);
ALTER TABLE ONLY public.house_stage         ADD CONSTRAINT house_stage_house_id_stage_order_key     UNIQUE (house_id, stage_order);
ALTER TABLE ONLY public.inventory           ADD CONSTRAINT uq_inv                                   UNIQUE (warehouse_id, material_id);
ALTER TABLE ONLY public.material_order_item ADD CONSTRAINT house_order_item_order_id_material_id_key UNIQUE (order_id, material_id);
ALTER TABLE ONLY public.order_route_option  ADD CONSTRAINT order_route_option_public_id_key         UNIQUE (public_id);
ALTER TABLE ONLY public.order_route_option  ADD CONSTRAINT uq_option_order_objective                UNIQUE (order_id, objective);
ALTER TABLE ONLY public.supplier_inventory  ADD CONSTRAINT uq_sup_inv                               UNIQUE (supplier_id, material_id);
ALTER TABLE ONLY public.warehouse           ADD CONSTRAINT warehouse_house_id_key                   UNIQUE (house_id);
ALTER TABLE ONLY public.worker              ADD CONSTRAINT worker_username_key                       UNIQUE (username);


-- ────────────────────────────────────────────────────────────
--  FOREIGN KEYS
-- ────────────────────────────────────────────────────────────

ALTER TABLE ONLY public.crew                  ADD CONSTRAINT crew_house_id_fkey                   FOREIGN KEY (house_id)      REFERENCES public.house(id)                  ON DELETE SET NULL;
ALTER TABLE ONLY public.crew                  ADD CONSTRAINT crew_leader_id_fkey                  FOREIGN KEY (leader_id)     REFERENCES public.worker(id)                 ON DELETE SET NULL;
ALTER TABLE ONLY public.crew                  ADD CONSTRAINT crew_manager_id_fkey                 FOREIGN KEY (manager_id)    REFERENCES public.worker(id)                 ON DELETE SET NULL;
ALTER TABLE ONLY public.crew_stage_type       ADD CONSTRAINT crew_stage_type_crew_fk              FOREIGN KEY (crew_id)       REFERENCES public.crew(id)                   ON DELETE CASCADE;
ALTER TABLE ONLY public.crew_stage_type       ADD CONSTRAINT crew_stage_type_stage_fk             FOREIGN KEY (stage_order)   REFERENCES public.stage_type(stage_order)    ON DELETE CASCADE;
ALTER TABLE ONLY public.customer_order        ADD CONSTRAINT fk_order_app_user                    FOREIGN KEY (app_user_id)   REFERENCES public.app_user(id)               ON DELETE SET NULL;
ALTER TABLE ONLY public.customer_order        ADD CONSTRAINT fk_order_chosen_option               FOREIGN KEY (chosen_option_id) REFERENCES public.order_route_option(id)  ON DELETE SET NULL;
ALTER TABLE ONLY public.customer_order        ADD CONSTRAINT fk_order_dest_house                  FOREIGN KEY (destination_house_id) REFERENCES public.house(id)            ON DELETE SET NULL;
ALTER TABLE ONLY public.delivery              ADD CONSTRAINT delivery_order_id_fkey               FOREIGN KEY (order_id)      REFERENCES public.material_order(id)         ON DELETE CASCADE;
ALTER TABLE ONLY public.delivery              ADD CONSTRAINT delivery_responsible_id_fkey         FOREIGN KEY (responsible_id) REFERENCES public.worker(id)                ON DELETE SET NULL;
ALTER TABLE ONLY public.delivery_item         ADD CONSTRAINT delivery_item_delivery_id_fkey       FOREIGN KEY (delivery_id)   REFERENCES public.delivery(id)               ON DELETE CASCADE;
ALTER TABLE ONLY public.delivery_item         ADD CONSTRAINT delivery_item_material_id_fkey       FOREIGN KEY (material_id)   REFERENCES public.material(id);
ALTER TABLE ONLY public.depot_inventory       ADD CONSTRAINT fk_depot_inv_depot                   FOREIGN KEY (depot_id)      REFERENCES public.depot(id)                  ON DELETE CASCADE;
ALTER TABLE ONLY public.depot_inventory       ADD CONSTRAINT fk_depot_inv_material                FOREIGN KEY (material_id)   REFERENCES public.material(id)               ON DELETE CASCADE;
ALTER TABLE ONLY public.doc_document          ADD CONSTRAINT doc_document_folder_id_fkey          FOREIGN KEY (folder_id)     REFERENCES public.doc_folder(id)             ON DELETE CASCADE;
ALTER TABLE ONLY public.doc_folder            ADD CONSTRAINT doc_folder_parent_id_fkey            FOREIGN KEY (parent_id)     REFERENCES public.doc_folder(id)             ON DELETE CASCADE;
ALTER TABLE ONLY public.doc_folder_template   ADD CONSTRAINT doc_folder_template_parent_fk        FOREIGN KEY (parent_id)     REFERENCES public.doc_folder_template(id)    ON DELETE CASCADE;
ALTER TABLE ONLY public.electric_box          ADD CONSTRAINT electric_box_house_id_fkey           FOREIGN KEY (house_id)      REFERENCES public.house(id)                  ON DELETE CASCADE;
ALTER TABLE ONLY public.electric_circuit      ADD CONSTRAINT electric_circuit_box_id_fkey         FOREIGN KEY (box_id)        REFERENCES public.electric_box(id)           ON DELETE CASCADE;
ALTER TABLE ONLY public.house_stage           ADD CONSTRAINT house_stage_house_id_fkey            FOREIGN KEY (house_id)      REFERENCES public.house(id)                  ON DELETE CASCADE;
ALTER TABLE ONLY public.house_stage           ADD CONSTRAINT house_stage_crew_id_fkey             FOREIGN KEY (crew_id)       REFERENCES public.crew(id)                   ON DELETE SET NULL;
ALTER TABLE ONLY public.house_stage_crew_log  ADD CONSTRAINT house_stage_crew_log_house_id_fkey   FOREIGN KEY (house_id)      REFERENCES public.house(id)                  ON DELETE CASCADE;
ALTER TABLE ONLY public.house_stage_crew_log  ADD CONSTRAINT house_stage_crew_log_crew_id_fkey    FOREIGN KEY (crew_id)       REFERENCES public.crew(id)                   ON DELETE SET NULL;
ALTER TABLE ONLY public.inventory             ADD CONSTRAINT fk_inv_warehouse                     FOREIGN KEY (warehouse_id)  REFERENCES public.warehouse(id)              ON DELETE CASCADE;
ALTER TABLE ONLY public.inventory             ADD CONSTRAINT fk_inv_material                      FOREIGN KEY (material_id)   REFERENCES public.material(id)               ON DELETE CASCADE;
ALTER TABLE ONLY public.material_order        ADD CONSTRAINT house_order_house_id_fkey            FOREIGN KEY (house_id)      REFERENCES public.house(id)                  ON DELETE CASCADE;
ALTER TABLE ONLY public.material_order        ADD CONSTRAINT house_order_created_by_fkey          FOREIGN KEY (created_by)    REFERENCES public.worker(id)                 ON DELETE SET NULL;
ALTER TABLE ONLY public.material_order        ADD CONSTRAINT material_order_house_stage_id_fkey   FOREIGN KEY (house_stage_id) REFERENCES public.house_stage(id)           ON DELETE SET NULL;
ALTER TABLE ONLY public.material_order_item   ADD CONSTRAINT house_order_item_order_id_fkey       FOREIGN KEY (order_id)      REFERENCES public.material_order(id)         ON DELETE CASCADE;
ALTER TABLE ONLY public.material_order_item   ADD CONSTRAINT house_order_item_material_id_fkey    FOREIGN KEY (material_id)   REFERENCES public.material(id);
ALTER TABLE ONLY public.order_event           ADD CONSTRAINT fk_event_order                       FOREIGN KEY (order_id)      REFERENCES public.customer_order(id)         ON DELETE CASCADE;
ALTER TABLE ONLY public.order_event           ADD CONSTRAINT fk_event_option                      FOREIGN KEY (option_id)     REFERENCES public.order_route_option(id)     ON DELETE SET NULL;
ALTER TABLE ONLY public.order_event           ADD CONSTRAINT fk_event_user                        FOREIGN KEY (app_user_id)   REFERENCES public.app_user(id)               ON DELETE SET NULL;
ALTER TABLE ONLY public.order_route_option    ADD CONSTRAINT fk_option_order                      FOREIGN KEY (order_id)      REFERENCES public.customer_order(id)         ON DELETE CASCADE;
ALTER TABLE ONLY public.scaffold              ADD CONSTRAINT scaffold_house_id_fkey               FOREIGN KEY (house_id)      REFERENCES public.house(id)                  ON DELETE SET NULL;
ALTER TABLE ONLY public.supplier_inventory    ADD CONSTRAINT fk_sup_inv_supplier                  FOREIGN KEY (supplier_id)   REFERENCES public.supplier(id)               ON DELETE CASCADE;
ALTER TABLE ONLY public.supplier_inventory    ADD CONSTRAINT fk_sup_inv_material                  FOREIGN KEY (material_id)   REFERENCES public.material(id)               ON DELETE CASCADE;
ALTER TABLE ONLY public.warehouse             ADD CONSTRAINT fk_warehouse_house                   FOREIGN KEY (house_id)      REFERENCES public.house(id)                  ON DELETE CASCADE;
ALTER TABLE ONLY public.work_session          ADD CONSTRAINT work_session_worker_id_fkey          FOREIGN KEY (worker_id)     REFERENCES public.worker(id)                 ON DELETE CASCADE;
ALTER TABLE ONLY public.work_session          ADD CONSTRAINT work_session_house_id_fkey           FOREIGN KEY (house_id)      REFERENCES public.house(id)                  ON DELETE CASCADE;
ALTER TABLE ONLY public.worker                ADD CONSTRAINT worker_crew_id_fkey                  FOREIGN KEY (crew_id)       REFERENCES public.crew(id)                   ON DELETE SET NULL;
ALTER TABLE ONLY public.worker_stage_type     ADD CONSTRAINT worker_stage_type_worker_fk          FOREIGN KEY (worker_id)     REFERENCES public.worker(id)                 ON DELETE CASCADE;
ALTER TABLE ONLY public.worker_stage_type     ADD CONSTRAINT worker_stage_type_stage_fk           FOREIGN KEY (stage_order)   REFERENCES public.stage_type(stage_order)    ON DELETE CASCADE;


-- ────────────────────────────────────────────────────────────
--  INDEXES
-- ────────────────────────────────────────────────────────────

CREATE INDEX idx_audit_action           ON public.audit_log          USING btree (action, at DESC);
CREATE INDEX idx_audit_at               ON public.audit_log          USING btree (at DESC);
CREATE INDEX idx_audit_entity           ON public.audit_log          USING btree (entity_type, at DESC);
CREATE INDEX idx_audit_username         ON public.audit_log          USING btree (username, at DESC);
CREATE INDEX idx_crew_house_id          ON public.crew               USING btree (house_id);
CREATE INDEX idx_depot_inv_material     ON public.depot_inventory    USING btree (material_id);
CREATE INDEX idx_event_order            ON public.order_event        USING btree (order_id, at);
CREATE INDEX idx_house_stage_crew       ON public.house_stage        USING btree (crew_id);
CREATE INDEX idx_hscl_crew              ON public.house_stage_crew_log USING btree (crew_id, logged_at DESC);
CREATE INDEX idx_hscl_house             ON public.house_stage_crew_log USING btree (house_id, stage_order);
CREATE INDEX idx_inv_material           ON public.inventory          USING btree (material_id);
CREATE INDEX idx_material_order_house_stage ON public.material_order USING btree (house_stage_id);
CREATE INDEX idx_option_order           ON public.order_route_option USING btree (order_id);
CREATE INDEX idx_order_created          ON public.customer_order     USING btree (created_at DESC);
CREATE INDEX idx_order_dest_house       ON public.customer_order     USING btree (destination_house_id);
CREATE INDEX idx_order_telegram         ON public.customer_order     USING btree (telegram_chat_id, created_at DESC);
CREATE INDEX idx_order_user             ON public.customer_order     USING btree (app_user_id, created_at DESC);
CREATE INDEX idx_sup_inv_material       ON public.supplier_inventory USING btree (material_id);
CREATE INDEX idx_worker_crew_id         ON public.worker             USING btree (crew_id);
CREATE INDEX idx_ws_device              ON public.work_session       USING btree (device_id, house_id, session_date);
CREATE INDEX idx_ws_house               ON public.work_session       USING btree (house_id, session_date DESC);
CREATE INDEX idx_ws_worker              ON public.work_session       USING btree (worker_id, session_date DESC);


-- ────────────────────────────────────────────────────────────
--  TRIGGERS
-- ────────────────────────────────────────────────────────────

CREATE TRIGGER trg_audit_log_no_update
    BEFORE UPDATE ON public.audit_log
    FOR EACH ROW EXECUTE FUNCTION public.audit_log_no_update();


-- ────────────────────────────────────────────────────────────
--  SEED DATA — stage_type (27 stages)
-- ────────────────────────────────────────────────────────────

INSERT INTO public.stage_type (stage_order, stage_name, stage_name_en, main_stage_bg, main_stage_en, has_crew) VALUES
( 1, 'Фундамент',          'Foundation',          'Фундамент',  'Foundation',    true),
( 2, 'Конструкция',        'Structure',           'Конструкция','Structure',     true),
( 3, 'Ламперия',           'Roof Lining',         'Покрив',     'Roof',          true),
( 4, 'Улуци',              'Gutters',             'Покрив',     'Roof',          true),
( 5, 'Покривно покритие',  'Roof Cover',          'Покрив',     'Roof',          true),
( 6, 'Комин',              'Chimney',             'Покрив',     'Roof',          true),
( 7, 'Дограма размери',    'Joinery Measurements','Дограма',    'Joinery',       true),
( 8, 'Ниво замазка',       'Screed Level',        NULL,         NULL,            false),
( 9, 'Дограма монтаж',     'Joinery Install',     'Дограма',    'Joinery',       true),
(10, 'Врати поръчка',      'Door Order',          NULL,         NULL,            false),
(11, 'Ел',                 'Electrical',          'Ел',         'Electrical',    true),
(12, 'ВиК',                'Plumbing',            'ВиК',        'Plumbing',      true),
(13, 'Изолация',           'Insulation',          'Изолация',   'Insulation',    true),
(14, 'Гипсокартон',        'Drywall',             'Картон',     'Drywall/Paint', true),
(15, 'Шпакловка',          'Filler',              'Картон',     'Drywall/Paint', true),
(16, 'Замазка',            'Screed',              'Замазка',    'Screed',        true),
(17, 'Конзоли Ел',         'Electrical Brackets', 'Ел',         'Electrical',    true),
(18, 'Мазилка',            'Plaster',             'Изолация',   'Insulation',    true),
(19, 'Водостоци',          'Downpipes',           'Покрив',     'Roof',          true),
(20, 'Плочки',             'Tiles',               'Плочки',     'Tiles',         true),
(21, 'Боя',                'Paint',               'Картон',     'Drywall/Paint', true),
(22, 'Ламинат',            'Laminate',            'Ламинат',    'Laminate',      true),
(23, 'Ключове и контакти', 'Switches & Sockets',  'Ел',         'Electrical',    true),
(24, 'Мълниезащита',       'Lightning Protection',NULL,         NULL,            false),
(25, 'Врати',              'Doors',               NULL,         NULL,            false),
(26, 'Първази',            'Skirting Boards',     NULL,         NULL,            false),
(27, 'Приключване',        'Completion',          NULL,         NULL,            false);


-- ────────────────────────────────────────────────────────────
--  SEED DATA — app_user  (admin + user; passwords pre-hashed)
-- ────────────────────────────────────────────────────────────

INSERT INTO public.app_user (id, username, password_hash, role, created_at) OVERRIDING SYSTEM VALUE VALUES
(1, 'admin', '$2b$10$t01RgPA7kYT3F0ML0zyNhuNAQIkq2m3p6gGwV.JtIJANEaXf0xBSS', 'admin', '2026-07-16 10:26:27.723524'),
(2, 'user',  '$2b$10$E1JpDkL3aFadFdQVsEc80./Jc/ifz6mhD.HbZYhOZtidx3EpMnS0m', 'user',  '2026-07-16 10:26:27.723524');
SELECT pg_catalog.setval('public.app_user_id_seq', 2, true);


-- ────────────────────────────────────────────────────────────
--  SEED DATA — worker  (insert without crew_id first to avoid FK cycle)
-- ────────────────────────────────────────────────────────────

INSERT INTO public.worker (id, name, location, lat, lng, role, crew_id, username, password_hash, password_plain, phone, email) OVERRIDING SYSTEM VALUE VALUES
(411,'Владимир Борисов','София линк',NULL,NULL,'CREW_LEADER',NULL,'владимир','$2a$10$V3LD0D/VZsXEFycizSeykeAEH/8yJPagvWacLudO.ayyOOY6cOree','6020','0888116422','timberbuildbg@gmail.com'),
(412,'Даниел Угринов','София',NULL,NULL,'CREW_MEMBER',NULL,'даниел','$2a$10$6NWo51xGeNwI11bt6aSz0.ilxDtAkYXUdnxFtOzLRwCSV.Ea93X0C','2662','0885687911','daniel9502@abv.bg'),
(413,'Стоян Малчев','София',NULL,NULL,'CREW_MEMBER',NULL,'стоян','$2a$10$gJzO17vo5Yg.V854tMY4S.XG5Wod7klzYBIkMIeNnPJAXOIsYgJTW','1407','0885226047','marmotaplovdiv@gmail.com'),
(414,'Мартин Иванов','София',NULL,NULL,'CREW_MEMBER',NULL,'мартин','$2a$10$8s68g/XrpJE1G.TajMd4I.A.PLMix8gQS/QLx5doHOzFrFNfAsmGO','8876','0897908337','martin_ivanov01@mail.bg'),
(415,'Владимир Денисенко','София',NULL,NULL,'CREW_MEMBER',NULL,'владимир2','$2a$10$TR1MvyT76jIZ3MvGvQvEdurFCqatG6qtWXvBRQyh2tofwVPWqVALq','2197','0879936268','vladimir_denisenko@icloud.com'),
(416,'Симеон Бардарски','София',NULL,NULL,'CREW_MEMBER',NULL,'симеон','$2a$10$ZLn39iwnw4.4VZ/rDt0X4ub931CUAuZn4Tv1hIROhQKbChqyxtvMG','1087','0988341421','Sbrdarski4@gmail.com'),
(417,'Найден Бенчев','София',NULL,NULL,'CREW_MEMBER',NULL,'найден','$2a$10$qi5pTB..smPweiO5ArPYbu3YmXJ8YRZn7nm.ANNSHXX9R5vUHAt7a','4743','0876587809','pepperkilldevelopment@gmail.com'),
(418,'Георги Раданов','София',NULL,NULL,'CREW_MEMBER',NULL,'георги','$2a$10$QJJR6nbcoNGQP8d1sHhtE.fDd6d.JKBpoO/881dwMyvDuPIXyRuz2','1235','0888253399','radanov@mail.bg'),
(419,'Цанко Кейбашиев','София',NULL,NULL,'CREW_MEMBER',NULL,'цанко','$2a$10$JKESwj/bjiKjxBw6rvbLnOGnzzUv1UlFNBPjM7FZdUSRN.0/dLIE.','2362','0878500405','CankocK@gmail.com'),
(420,'Лъчезар Лозанов','София',NULL,NULL,'CREW_MEMBER',NULL,'лъчезар','$2a$10$pD.UlnORXkxNH6oN0XuwmOL/pH2EJq1s49yria19/lptbrcM9TYEu','8406','0887668258',NULL),
(421,'Николай Диков','София',NULL,NULL,'CREW_MEMBER',NULL,'николай','$2a$10$OXw6mjaNDx9TlTR6YnVZIecjEnAIPc7m4KCT1SOuVbDbJ9sDzhi06','2321','0879323844',NULL),
(422,'Евгени Боянски','Благоевград',NULL,NULL,'CREW_LEADER',NULL,'евгени','$2a$10$QjefwAW1/2bb5JjTPvhXy.VYNpsgo8K5AE44rqhlW93J.RXAe8xuO','4675','0887239182','evg0999@gmail.com'),
(423,'Димитър Бъсин','София',NULL,NULL,'CREW_MEMBER',NULL,'димитър','$2a$10$OG1UG1VtCghUR2Ciepdp3eWCC1z70AfyMj6gxxjaZ0GWLoX99IO9W','2802','0885666942',NULL),
(424,'Красимир Първанов','София',NULL,NULL,'CREW_MEMBER',NULL,'красимир','$2a$10$rj5lkC36dY/QDtSY50xfcOwlmuNE3UPwDszmc5fM5SZMQ6yGw2.xa','4228','0886957878',NULL),
(425,'Георги Дюлгеров','София',NULL,NULL,'CREW_MEMBER',NULL,'георги2','$2a$10$tHjLR1x8GtVwWSvaupZrzur1qavNAKWXrAIjpVoc1n7yAxtK94r2a','1054','0892036847','georgidulgerov1978@gmail.com'),
(426,'Слави Боянски','София',NULL,NULL,'CREW_MEMBER',NULL,'слави','$2a$10$6zXJMvdOgHcClXKWh6Gj1em7ldjuCYJkiEbGriA3PrlSXfujn02/e','3378','0887239148','slaviboyanski@gmail.com'),
(427,'Георги Бачев','София',NULL,NULL,'CREW_MEMBER',NULL,'георги3','$2a$10$TCLYxY8eM85j8NI5ymuOme8cE/Oz41M7HYmuKMNhpF4KHBmIXzvnu','3081','0898550944',NULL),
(428,'Димитър Папучиев','София',NULL,NULL,'CREW_MEMBER',NULL,'димитър2','$2a$10$7x76c5Q.vhx8RgeJHwgvrOFPROnO8LJjEYrQ77a0ANgPpdQMswrZS','3046','0896793983','mitov@abv.bg'),
(429,'Манол Крумов','София',NULL,NULL,'CREW_MEMBER',NULL,'манол','$2a$10$GTeXvIH0WRdAzG.vLHM0gOSpD/1/xxD.qjmTgbrhZEGClQkW1DeJq','2643','0899939598',NULL),
(430,'Николай Митов','София',NULL,NULL,'CREW_MEMBER',NULL,'николай2','$2a$10$guuI52XLWCenZL.735W.au1BfecR.LWu/sg3GsRn3GQd1Z.1fHfh.','8145','0894338565',NULL),
(431,'Благо Михайлов','Самоков',NULL,NULL,'CREW_LEADER',NULL,'благо','$2a$10$iOQCJEUQmw2ZOHs4KGXqOunuiSOR.kWqgz/EiZRZag1Y20mL.V1GW','4210','0893236690','todorovanaza3@gmail.com'),
(432,'Боян Славчев','София',NULL,NULL,'CREW_MEMBER',NULL,'боян','$2a$10$WSnzXQSAWx/56t8tBaIe4.epp7ptF5Est2TtHJOnyCqmW/UQGYH4W','5700',NULL,NULL),
(433,'Янко Янков','София',NULL,NULL,'CREW_MEMBER',NULL,'янко','$2a$10$Oo3Nv9cTjl9oR0.QxKb1aeeP6E1eK2/qUALw.pVI7DjeBUwZPSDa6','9631','0892392224',NULL),
(434,'Георги Митев','София',NULL,NULL,'CREW_LEADER',NULL,'георги4','$2a$10$O7isgYmdxXKf1iUlIYiPS.jNd9CERDDj3.KYPWVFTOSM3xHNlBLFG','1126','0886922866','g92924500@gmail.com'),
(435,'Георги Венков','София',NULL,NULL,'CREW_MEMBER',NULL,'георги5','$2a$10$YrYhkLrqpzvpHJKt/NdRH.S1Usad3PuKs4m3LzIVSIAEQTi9utro.','2578','0895367346',NULL),
(436,'Георги Величков','София',NULL,NULL,'CREW_MEMBER',NULL,'георги6','$2a$10$Ei2Fp1P8eMTjYswbLocFjeszOCB.vQ4/W/2YC3VpjbdEEV9gqntQC','4653','0886466134',NULL),
(437,'Борчо Найденов','София',NULL,NULL,'CREW_MEMBER',NULL,'борчо','$2a$10$EBBb6WesIxlXQowkpn0.A.ZlL6rm4pObwkehZSkU3KC5471hq6K3e','3620','0892905716',NULL),
(438,'Данчо Георгиев','София',NULL,NULL,'CREW_MEMBER',NULL,'данчо','$2a$10$37yit3xRH5RcGwik.Ce3ourbmXfVqyIbY3ul6SnvMJ68Jx0WdOAaa','1871','0896967691',NULL),
(439,'Наско Костов','София',NULL,NULL,'CREW_MEMBER',NULL,'наско','$2a$10$YdNt66gacXsMsUSRdMXazu7vFAoZaZ8SCeM9wIaoIb/TXvPGL2N.q','1335',NULL,NULL),
(440,'Стоян Спасоф','София',NULL,NULL,'CREW_LEADER',NULL,'стоян2','$2a$10$mSOLwxd4EnFXL0hmoS91AOpOwkD2Up9NZkdBPGMbhDRHS4W9Vz37K','5484','0896135475','stoqnspasof2@gmail.com'),
(441,'Рангел Рангелов','София',NULL,NULL,'CREW_MEMBER',NULL,'рангел','$2a$10$7tXkQQ6m1VZk.OMV3m4.B..2Rp6z91eOmNAtrHFIx0G8NaTLnTHKq','2908','0879864899','rangelrangelov283@gmail.com'),
(442,'Кирил Христов','София',NULL,NULL,'CREW_MEMBER',NULL,'кирил','$2a$10$ZWK3ZiXY5cxLqSrJ/B4QG.HxfUMnt6g4Fgwyt9rRbo9eUZZrcidv.','8948','0888040006','u4038822933@gmail.com'),
(443,'Борислав Арабаджиев','София',NULL,NULL,'CREW_LEADER',NULL,'борислав','$2a$10$1FtkgKyh0ctI2Y9u4STd3.FtptDwvKXdgc6i4.RpHDroRf1Of/OT.','8062','0889904369','borkojeksa@gmail.com'),
(444,'Лазар','София',NULL,NULL,'CREW_LEADER',NULL,'лазар','$2a$10$Kni8DbTcYncjDsRnu2LFHO/Agq0kJzlnlDCPq8XTeZ8QkTCyVoQL6','2768','0887697279','80ivcho@gmail.com'),
(445,'Петър Иванов','София',NULL,NULL,'CREW_LEADER',NULL,'петър','$2a$10$/4n7kRTk4V5TZx6skriSVuaECo3FpSjP4SxUpOyZkA5piBYuJdIsG','3277','0894354357','ivanovpiero@gmail.com'),
(446,'Радослав Павлов','София',NULL,NULL,'CREW_LEADER',NULL,'радослав','$2a$10$1TeMrHbQXEpVNq.YBCCLNeO49sJRHEXZRr4PElCPoEkVuFvN5g46e','3176','0893203601','radko5074@gmail.com'),
(447,'Денис Стефанов','София',NULL,NULL,'CREW_MEMBER',NULL,'денис','$2a$10$nbpQ.wnYPM4ZZ8auf2PvVe.c5IYQSPW4zVyEFNX2jtzb9RN262W/q','6802','0892313162','denisstefanovvv@abv.bg'),
(448,'Кристиян Лозанов','София',NULL,NULL,'CREW_LEADER',NULL,'кристиян','$2a$10$fwvfj0dyoPbMX8Gd2jRp6.6NtQkpfLp.64j53uEN.VpB0dVzzmhPy','7976','0893001659','lozanov77777@gmail.com'),
(449,'Валентин Павлов','София',NULL,NULL,'CREW_LEADER',NULL,'валентин','$2a$10$EM7pH2GLhzGu8/.He1Z3k.I60I0zbq6e3tF2DPnniZO2vMvikW6iC','3048','0882911509','vpavlovelectro@gmail.com'),
(450,'Емил Павлов','София',NULL,NULL,'CREW_MEMBER',NULL,'емил','$2a$10$F0yp0osbsdBd2PD3ytlHsODjrDzLGfVVCRS4/jX3UINfdBJWs2Rly','4323','0895831627',NULL),
(451,'Стоян Храдалиев','София',NULL,NULL,'CREW_LEADER',NULL,'стоян3','$2a$10$vSJ9a/JBgCvyohYl4WW97uBxcXCzw1yw2QT.o65iLpPzKX927A2AG','8641','0893844475','borislavovstoyan@gmail.com'),
(452,'Ангел Щранков','София',NULL,NULL,'CREW_MEMBER',NULL,'ангел','$2a$10$M4myrcYWW2N.I6bFh4Yr9u2rMgJsC5..LoNtxpjt88tWzhHFYRmsq','8290','0893724731',NULL),
(453,'Георги Мурджев','София',NULL,NULL,'CREW_MEMBER',NULL,'георги7','$2a$10$Kc5GZaXo5QNKG4BgyeokoezI88r3ZkmKFD3.6GACAvPc81pYd56Ze','7856','0884612042',NULL),
(454,'Петър Илиев','София',NULL,NULL,'CREW_MEMBER',NULL,'петър2','$2a$10$9F1dFc3eiF.I0OKCWDbdQeA/oYutyGDYKhAGwjKoLoDzBUelMEsqO','3481','0899131954','чакам'),
(455,'Огнян Пеев','София',NULL,NULL,'CREW_LEADER',NULL,'огнян','$2a$10$4fZOje/hjaq5XaSFW/T0SujA08DsgdrMhk1ORVWpovGlx2baTuySq','4926','0887892220','vikssofiqq@gmail.com'),
(456,'Марио Петров','София',NULL,NULL,'CREW_MEMBER',NULL,'марио','$2a$10$PAAPhm0OYWDJTALNxEyyOOvw4rMHJBT.EYGa/qKbeglri8p38DaW2','4399','0885885860','plamenpeev270@gmail.com'),
(457,'Пламен Пеев','София',NULL,NULL,'CREW_MEMBER',NULL,'пламен','$2a$10$wIio5qFzrlDRwmVBRhRJXOeY7hIvWOvLzD1gIYVbeyu31xCqsXM4m','1694','0878327373','office@skyservice92.eu'),
(458,'Красимир Борисов','София',NULL,NULL,'CREW_LEADER',NULL,'красимир2','$2a$10$gMb4EBo4hDyTzI07HexPOu5R3Afa3tJDKN7AXmULQ1uo8DZwU4A6i','2248','0885502402','krelstroi1@gmail.com'),
(459,'Георги Първанов','София',NULL,NULL,'CREW_MEMBER',NULL,'георги8','$2a$10$w3/4XWsxZLtsLmg.j91xJ..rzDziKXga9UeXJN0wqippBVQ04a6FC','2399','0884909650',NULL),
(460,'Слави Ризов','София',NULL,NULL,'CREW_LEADER',NULL,'слави2','$2a$10$esPZB8m1Ro0xQmTxTWs4POO2xkYLKVbQ/TRoo8.Pom98zZOa0c966','9934','0897609547','tranoniq89@gmail.com'),
(461,'Митко Янев','София',NULL,NULL,'CREW_MEMBER',NULL,'митко','$2a$10$c5i.L/rQ8j5KWiUU7t9v7.yhIRfJxPk5.3d07cKz2QJ2Y6z4g5eCO','9740','0896492304','shisho_m@abv.bg'),
(462,'Георги Милушев','София',NULL,NULL,'CREW_MEMBER',NULL,'георги9','$2a$10$JIPE3miYve6fxv6Ymxs5jOVDRIFCut1nwYb4uhcE9s8IvareDvJiG','9353','0895328033','j0pe@abv.bg'),
(463,'Ивайло Славов','София',NULL,NULL,'CREW_MEMBER',NULL,'ивайло','$2a$10$OxZ0CyuDAVlGWIQ8J9nGwO.WgwxlUlzXsklSLpdDSteUStJ4wQ6YG','2899','0899339929','slavoviv@abv.bg'),
(464,'Мариян Младенов','София',NULL,NULL,'CREW_MEMBER',NULL,'мариян','$2a$10$65IgWXjfPZfvhdOgZ01GO.YyGh7tqIOtBr42/iXVDli0/E2UxwSWC','9594','0896221407','mladenov161@gmail.com'),
(465,'Венцислав Стефанов','София',NULL,NULL,'CREW_MEMBER',NULL,'венцислав','$2a$10$zk/YCteE.cynPCKvdmve6.0zkfMWQ9WSaC2IbInOpjSnA0O8Hh4I6','6294','0896616406','v_e_n_c_i86@abv.bg'),
(466,'Слави Василев','София',NULL,NULL,'CREW_LEADER',NULL,'слави3','$2a$10$0FviE/CEWGPShNZSohEW4e7B7eoi1ksUZ75pR9LA2ngpuM384kE4C','2378','0896653866','slavims1985@gmail.com'),
(467,'Цветелин Борисов','София',NULL,NULL,'CREW_MEMBER',NULL,'цветелин','$2a$10$JEYp9Hb1cUjy/ybXyOh.BOa21H9KzO/6UeK4zGLCaFG3rYOHrJC/S','3633','0899320327','borisov.cvetellin@abv.bg'),
(468,'Красимир Найденов','София',NULL,NULL,'CREW_LEADER',NULL,'красимир3','$2a$10$MnTsWPiuZv.PgSb25u2haOwqzSlJQm.K6WOn6fNISlxh8YTHV4sCi','5479','0876264564','krasimir.naidenov@gmail.com'),
(469,'Станислав Тачев','София',NULL,NULL,'CREW_MEMBER',NULL,'станислав','$2a$10$mOyoWyTWlC817k/JfEXAhuGfXXYBWDCaXTrMQQuKwMtTRHMJgEOTC','3376','0893207307','Иска да говори с Теодор, няма да се зекира'),
(470,'Красимир Методиев','София',NULL,NULL,'CREW_MEMBER',NULL,'красимир4','$2a$10$JlrH0Fn9EV2yl.t/FBTd2.BDQ0GjWSx2Qv5cXVrxULwdgPtKaGeTW','7579','0894059992','Иска да говори с Теодор, няма да се зекира'),
(471,'Кристиян Дочев','София',NULL,NULL,'CREW_MEMBER',NULL,'кристиян2','$2a$10$Y8PBIwBKx65ngnTT7a/mhejI6kPo6ABtZMOr1ZJbIMmZpX8Cazsai','8268','0882677777','Иска да говори с Теодор, няма да се зекира'),
(472,'Иво Димитров','София',NULL,NULL,'CREW_LEADER',NULL,'иво','$2a$10$CRmKFgXlLD/nwifOYPq/TuSLFvD6WNjv8xUk2lnmHK8GTb9oib8K.','1406','0896399453','dimitrovemil966@gmail.com'),
(473,'Марио Огнянов','София',NULL,NULL,'CREW_MEMBER',NULL,'марио2','$2a$10$jnnPz5Vg1xTx2MIA206sIe6fqJA7x9.lO2VdtUkJJcH6sm/E4aMCi','7548','0895094908','marioognyanov93@gmail.com'),
(474,'Атанас Росенов','София',NULL,NULL,'CREW_MEMBER',NULL,'атанас','$2a$10$07PhWzfF8K1yAzJHH3z/xO2if0ezjV2CLpKaZ4kluqenqvpBQOava','3719','0895996503','atsnasrosenov6@gmail.com'),
(475,'Румен','София',NULL,NULL,'CREW_MEMBER',NULL,'румен','$2a$10$C4B9a3LhuR1GSUgZDCbsKOC.UzxD6T4kXWix74s.3p0ClYoQsapI.','6093',NULL,NULL),
(476,'Виктор Петков','София',NULL,NULL,'CREW_LEADER',NULL,'виктор','$2a$10$P8yrVKSUaTCFX1t2MlZc/.9QDUEAIyT934Q6ABzY3O3c3QUIXRSxO','5944','0894222868','petkovvip@gmail.com'),
(477,'Радослав Димитров','София',NULL,NULL,'CREW_MEMBER',NULL,'радослав2','$2a$10$b7Ughh5yNEBkNgrGc6XYEuNhEXjnNLwpnP6Gx1kD/ZtHn1FKK5T5u','3763','0899219141','radislav_8912@mail.bg'),
(478,'Сергей Стоянов','София',NULL,NULL,'CREW_MEMBER',NULL,'сергей','$2a$10$jvYotR2iTjiOoxXLOIkyf.MzDr.x5y63KljkKFniXunrWePiWC7xa','2108','0876980257','arcanzas94@gmail.com'),
(479,'Жоро','София',NULL,NULL,'CREW_LEADER',NULL,'жоро','$2a$10$jus0mErZwBar/suYP710We9A7x3QawOaM2vm8BjxITW3GKETdU5Pm','2939','0886302431','diagonbuild@gmail.com'),
(480,'Александър','София',NULL,NULL,'CREW_LEADER',NULL,'александър','$2a$10$2PndhxrlgAu64KQs81lWcefLx.PmW1hGVO/bE5PScFnT0QBOdTCVS','8303',NULL,'emsistroy82@gmail.com'),
(481,'Мехмед Ахмед','София',NULL,NULL,'CREW_LEADER',NULL,'мехмед','$2a$10$.ARSWyAkNIkksg8Mf4iOve.gOl3mR1dwCvDRZdanE1zzKrMX1FMbO','6855','0876025175','cankoa4@gmail.com'),
(482,'Мустафа Халиибрям','София',NULL,NULL,'CREW_LEADER',NULL,'мустафа','$2a$10$mumtH0Zz/Og7o9FIyQ4.aOCnS8iVCEvw/IDiZ5smcARs8KeAleMze','8384','0877874327','mustafahaliibryam79@gmail.com'),
(483,'Неждет Шабан','София',NULL,NULL,'CREW_LEADER',NULL,'неждет','$2a$10$iiSiNJrjMX2HquBYjBmtY.K9Rtu3imrJc02FuqV5MT.anP8glqFuO','9952','0889683142','nezhdet1968@gmail.com'),
(484,'Николай Тупавичарски','София',NULL,NULL,'CREW_LEADER',NULL,'николайт','$2a$10$JUsO1OcMd05GHlzQwNynm.Plu7gkpwFMCihKjVLjl9LObRi.xTtoy','3560','0877072020','nikolaytupavicharski@gmail.com'),
(485,'Красимир Кюртов','София',NULL,NULL,'CREW_MEMBER',NULL,'красимир5','$2a$10$xP.i7gLa26mm.wkmvqWsQecMMCs9lxiODzxXg0W/6GUGLF/ETL8je','7492','0884449348','krasimir.winch3st3r@abv.bg'),
(486,'Валентин Стоянов','София',NULL,NULL,'CREW_LEADER',NULL,'валентин2','$2a$10$lBQ61KWyl/3YbgObAqtJrebFbNdAc.ZV6OaDWfFkxaSm3XZkZKvsC','7635','0886187617','valyostoyanoff@gmail.com'),
(487,'Емануил Михов','София',NULL,NULL,'CREW_MEMBER',NULL,'емануил','$2a$10$FdBHptq9EdmS2gi.RBudnejjq70LUO9mtm5N4q0OeenYMSCBBnUXe','2982','0896058028','emanuil.mihov@gmail.com');
SELECT pg_catalog.setval('public.worker_id_seq', 489, true);


-- ────────────────────────────────────────────────────────────
--  SEED DATA — crew  (leaders reference workers already inserted)
-- ────────────────────────────────────────────────────────────

INSERT INTO public.crew (id, name, manager_id, house_id, location, lat, lng, leader_id) OVERRIDING SYSTEM VALUE VALUES
(102,'Владимир Борисов',NULL,NULL,'',NULL,NULL,411),
(103,'Евгени Боянски',NULL,NULL,'',NULL,NULL,422),
(104,'Благо Михайлов',NULL,NULL,'',NULL,NULL,431),
(105,'Георги Митев',NULL,NULL,'',NULL,NULL,434),
(106,'Стоян Спасоф',NULL,NULL,'',NULL,NULL,440),
(107,'Борислав Арабаджиев',NULL,NULL,'',NULL,NULL,443),
(108,'Петър Иванов',NULL,NULL,'',NULL,NULL,445),
(109,'Радослав Павлов',NULL,NULL,'',NULL,NULL,446),
(110,'Кристиян Лозанов',NULL,NULL,'',NULL,NULL,448),
(111,'Валентин Павлов',NULL,NULL,'',NULL,NULL,449),
(112,'Стоян Храдалиев',NULL,NULL,'',NULL,NULL,451),
(113,'Огнян Пеев',NULL,NULL,'',NULL,NULL,455),
(114,'Красимир Борисов',NULL,NULL,'',NULL,NULL,458),
(115,'Слави Ризов',NULL,NULL,'',NULL,NULL,460),
(116,'Слави Василев',NULL,NULL,'',NULL,NULL,466),
(117,'Красимир Найденов',NULL,NULL,'',NULL,NULL,468),
(118,'Иво Димитров',NULL,NULL,'',NULL,NULL,472),
(119,'Виктор Петков',NULL,NULL,'',NULL,NULL,476),
(120,'Жоро',NULL,NULL,'',NULL,NULL,479),
(121,'Александър',NULL,NULL,'',NULL,NULL,480),
(122,'Мехмед Ахмед',NULL,NULL,'',NULL,NULL,481),
(123,'Мустафа Халиибрям',NULL,NULL,'',NULL,NULL,482),
(124,'Неждет Шабан',NULL,NULL,'',NULL,NULL,483),
(125,'Николай Тупавичарски',NULL,NULL,'',NULL,NULL,484),
(126,'Валентин Стоянов',NULL,NULL,'',NULL,NULL,486),
(128,'Лазар',NULL,NULL,'',NULL,NULL,444);
SELECT pg_catalog.setval('public.crew_id_seq', 130, true);


-- ────────────────────────────────────────────────────────────
--  SEED DATA — assign workers to their crews
-- ────────────────────────────────────────────────────────────

UPDATE public.worker SET crew_id = 102 WHERE id IN (411,412,413,414,415,416,417,418,419,420,421);
UPDATE public.worker SET crew_id = 103 WHERE id IN (422,423,424,425,426,427,428,429,430);
UPDATE public.worker SET crew_id = 104 WHERE id IN (431,432,433);
UPDATE public.worker SET crew_id = 105 WHERE id IN (434,435,436,437,438,439);
UPDATE public.worker SET crew_id = 106 WHERE id IN (440,441,442);
UPDATE public.worker SET crew_id = 107 WHERE id IN (443);
UPDATE public.worker SET crew_id = 108 WHERE id IN (445);
UPDATE public.worker SET crew_id = 109 WHERE id IN (446,447);
UPDATE public.worker SET crew_id = 110 WHERE id IN (448);
UPDATE public.worker SET crew_id = 111 WHERE id IN (449,450);
UPDATE public.worker SET crew_id = 112 WHERE id IN (451,452,453,454);
UPDATE public.worker SET crew_id = 113 WHERE id IN (455,456,457);
UPDATE public.worker SET crew_id = 114 WHERE id IN (458,459);
UPDATE public.worker SET crew_id = 115 WHERE id IN (460,461,462,463,464,465);
UPDATE public.worker SET crew_id = 116 WHERE id IN (466,467);
UPDATE public.worker SET crew_id = 117 WHERE id IN (468,469,470,471);
UPDATE public.worker SET crew_id = 118 WHERE id IN (472,473,474,475);
UPDATE public.worker SET crew_id = 119 WHERE id IN (476,477,478);
UPDATE public.worker SET crew_id = 120 WHERE id IN (479);
UPDATE public.worker SET crew_id = 121 WHERE id IN (480);
UPDATE public.worker SET crew_id = 122 WHERE id IN (481);
UPDATE public.worker SET crew_id = 123 WHERE id IN (482);
UPDATE public.worker SET crew_id = 124 WHERE id IN (483);
UPDATE public.worker SET crew_id = 125 WHERE id IN (484,485);
UPDATE public.worker SET crew_id = 126 WHERE id IN (486,487);
UPDATE public.worker SET crew_id = 128 WHERE id IN (444);


-- ────────────────────────────────────────────────────────────
--  SEED DATA — crew_stage_type
-- ────────────────────────────────────────────────────────────

INSERT INTO public.crew_stage_type (crew_id, stage_order) VALUES
(102, 2),
(103, 3),(103, 4),(103, 5),(103, 6),(103,19),
(104, 3),(104, 4),(104, 5),(104, 6),(104,19),
(105, 3),(105, 4),(105, 5),(105, 6),(105,19),
(106, 3),(106, 4),(106, 5),(106, 6),(106,19),
(107, 3),(107, 4),(107, 5),(107, 6),(107,19),
(108,11),(108,17),(108,23),
(109,11),(109,17),(109,23),
(110,11),(110,17),(110,23),
(111,11),(111,17),(111,23),
(112,12),
(113,12),
(114,12),
(115,13),(115,14),(115,15),(115,18),(115,21),
(116,13),(116,14),(116,15),(116,18),(116,21),
(117,13),(117,14),(117,15),(117,18),(117,21),
(118,13),(118,14),(118,15),(118,18),(118,21),
(119,13),(119,14),(119,15),(119,18),(119,21),
(120,13),(120,14),(120,15),(120,18),(120,21),
(121,16),
(122,20),
(123,20),
(124,20),
(125,20),
(126,22),
(128, 7),(128, 9);


-- ────────────────────────────────────────────────────────────
--  SEED DATA — worker_stage_type
-- ────────────────────────────────────────────────────────────

INSERT INTO public.worker_stage_type (worker_id, stage_order) VALUES
-- crew 102 — Конструкция (stage 2)
(411,2),(412,2),(413,2),(414,2),(415,2),(416,2),(417,2),(418,2),(419,2),(420,2),(421,2),(422,2),(423,2),(424,2),(425,2),(426,2),(427,2),(428,2),(429,2),(430,2),
-- crew 104 — Покрив (3,4,5,6,19)
(431,3),(431,4),(431,5),(431,6),(431,19),
(432,3),(432,4),(432,5),(432,6),(432,19),
(433,3),(433,4),(433,5),(433,6),(433,19),
-- crew 105 — Покрив
(434,3),(434,4),(434,5),(434,6),(434,19),
(435,3),(435,4),(435,5),(435,6),(435,19),
(436,3),(436,4),(436,5),(436,6),(436,19),
(437,3),(437,4),(437,5),(437,6),(437,19),
(438,3),(438,4),(438,5),(438,6),(438,19),
(439,3),(439,4),(439,5),(439,6),(439,19),
-- crew 106 — Покрив
(440,3),(440,4),(440,5),(440,6),(440,19),
(441,3),(441,4),(441,5),(441,6),(441,19),
(442,3),(442,4),(442,5),(442,6),(442,19),
-- crew 107 — Покрив
(443,3),(443,4),(443,5),(443,6),(443,19),
-- crew 108 — Ел (11,17,23)
(445,11),(445,17),(445,23),
-- crew 109 — Ел
(446,11),(446,17),(446,23),
(447,11),(447,17),(447,23),
-- crew 110 — Ел
(448,11),(448,17),(448,23),
-- crew 111 — Ел
(449,11),(449,17),(449,23),
(450,11),(450,17),(450,23),
-- crew 112 — ВиК (12)
(451,12),(452,12),(453,12),(454,12),
-- crew 113 — ВиК
(455,12),(456,12),(457,12),
-- crew 114 — ВиК
(458,12),(459,12),
-- crew 115 — Изолация/Картон (13,14,15,18,21)
(460,13),(460,14),(460,15),(460,18),(460,21),
(461,13),(461,14),(461,15),(461,18),(461,21),
(462,13),(462,14),(462,15),(462,18),(462,21),
(463,13),(463,14),(463,15),(463,18),(463,21),
(464,13),(464,14),(464,15),(464,18),(464,21),
(465,13),(465,14),(465,15),(465,18),(465,21),
-- crew 116 — Изолация/Картон
(466,13),(466,14),(466,15),(466,18),(466,21),
(467,13),(467,14),(467,15),(467,18),(467,21),
-- crew 117 — Изолация/Картон
(468,13),(468,14),(468,15),(468,18),(468,21),
(469,13),(469,14),(469,15),(469,18),(469,21),
(470,13),(470,14),(470,15),(470,18),(470,21),
(471,13),(471,14),(471,15),(471,18),(471,21),
-- crew 118 — Изолация/Картон
(472,13),(472,14),(472,15),(472,18),(472,21),
(473,13),(473,14),(473,15),(473,18),(473,21),
(474,13),(474,14),(474,15),(474,18),(474,21),
(475,13),(475,14),(475,15),(475,18),(475,21),
-- crew 119 — Изолация/Картон
(476,13),(476,14),(476,15),(476,18),(476,21),
(477,13),(477,14),(477,15),(477,18),(477,21),
(478,13),(478,14),(478,15),(478,18),(478,21),
-- crew 120 — Изолация/Картон
(479,13),(479,14),(479,15),(479,18),(479,21),
-- crew 121 — Замазка (16)
(480,16),
-- crew 122 — Плочки (20)
(481,20),
-- crew 123 — Плочки
(482,20),
-- crew 124 — Плочки
(483,20),
-- crew 125 — Плочки
(484,20),(485,20),
-- crew 126 — Ламинат (22)
(486,22),(487,22),
-- crew 128 — Дограма (7,9)
(444,7),(444,9);


-- ────────────────────────────────────────────────────────────
--  SEQUENCE RESETS
-- ────────────────────────────────────────────────────────────

SELECT pg_catalog.setval('public.house_id_seq',       4,   true);
SELECT pg_catalog.setval('public.house_stage_id_seq', 74,  true);
